message_id,text,category,urgency_level,provenance,urgency_label_source
1,"No food distribution has reached Station Road yet, unconscious",Food,Critical,synthetic,keyword_tier_heuristic
2,"Need an ambulance at East Ward, my neighbor collapsed",Medical,Critical,synthetic,keyword_tier_heuristic
3,"Need an ambulance at Palm Grove, a group of people on fire",Medical,Critical,synthetic,keyword_tier_heuristic
4,"Water levels water rising slowly at Harbor District, families are stranded",Flood/Rescue,Medium,synthetic,keyword_tier_heuristic
5,"Power lines down at Green Valley, roof caving in",Infrastructure,High,synthetic,keyword_tier_heuristic
6,"Random test message, please ignore, sent from Green Valley",Other/Irrelevant,Low,synthetic,keyword_tier_heuristic
7,"Need food supplies delivered to Marina Road, cannot move",Food,Critical,synthetic,keyword_tier_heuristic
8,"Sharing an update, everything seems calm near Hilltop Nagar today same location as before",Other/Irrelevant,Low,synthetic,keyword_tier_heuristic
9,"Main road to Marina Road blocked by debris, just checking in",Infrastructure,Low,synthetic,keyword_tier_heuristic
10,"Requesting ration kits for North Bridge, requesting information",Food,Low,synthetic,keyword_tier_heuristic
11,"Need food supplies delivered to Millbrook, needs help soon same location as before",Food,Medium,synthetic,keyword_tier_heuristic
12,"Kitchen fire at Fairview Estate, buried under rubble, please respond",Fire,Critical,synthetic,keyword_tier_heuristic
13,"Building smoke everywhere at North Bridge, smoke visible for miles",Fire,High,synthetic,keyword_tier_heuristic
14,"Water levels collapsed at Central Market, families are stranded",Flood/Rescue,Critical,synthetic,keyword_tier_heuristic
15,"Bridge near Sunrise Township is damaged, power has been out, road unsafe",Infrastructure,Medium,synthetic,keyword_tier_heuristic
16,"Communication tower near Kings Cross is down, rising water fast",Infrastructure,High,synthetic,keyword_tier_heuristic
17,"Need water tanker sent to Koramangala, buried under rubble",Water,Critical,synthetic,keyword_tier_heuristic
18,"Power lines down at Harbor District, child missing",Infrastructure,High,synthetic,keyword_tier_heuristic
19,"Water levels gas leak at Hilltop Nagar, families are stranded",Flood/Rescue,High,synthetic,keyword_tier_heuristic
20,"Fire spreading fast near Sunrise Township, my whole family collapsed",Fire,Critical,synthetic,keyword_tier_heuristic
21,"Someone collapsed at Palm Grove, low on supplies, need doctor urgently",Medical,Medium,synthetic,keyword_tier_heuristic
22,Medical emergency at North Bridge - an unknown man drowning,Medical,Critical,synthetic,keyword_tier_heuristic
23,"Need food supplies delivered to Old Town, minor injury",Food,Medium,synthetic,keyword_tier_heuristic
24,"the shopkeeper is low on supplies near Lakeview Apartments, please send medical help",Medical,Medium,synthetic,keyword_tier_heuristic
25,"Main road to North Bridge blocked by debris, power has been out",Infrastructure,Medium,synthetic,keyword_tier_heuristic
26,"Drinking water contaminated at Lakeview Apartments, power has been out",Water,Medium,synthetic,keyword_tier_heuristic
27,"Requesting tents and shelter material at Harbor District, not breathing",Shelter,Critical,synthetic,keyword_tier_heuristic
28,"Requesting ration kits for Station Road, on fire",Food,Critical,synthetic,keyword_tier_heuristic
29,"Kitchen fire at Marina Road, cardiac arrest, please respond",Fire,Critical,synthetic,keyword_tier_heuristic
30,"Fire spreading fast near Rosewood Lane, the shopkeeper cannot move",Fire,Critical,synthetic,keyword_tier_heuristic
31,Is there a helpline number for general questions about Harbor District?,Other/Irrelevant,Medium,synthetic,keyword_tier_heuristic
32,"We are trapped by flood water near Koramangala, buried under rubble",Flood/Rescue,Critical,synthetic,keyword_tier_heuristic
33,"Power lines down at Kings Cross, low on supplies",Infrastructure,Medium,synthetic,keyword_tier_heuristic
34,"Homes destroyed near Green Valley, families need shelter, water rising slowly",Shelter,Medium,synthetic,keyword_tier_heuristic
35,"Water supply cut off at East Ward, road partially blocked, many households affected",Water,Medium,synthetic,keyword_tier_heuristic
36,"Fire spreading fast near Central Market, an elderly woman injured",Fire,High,synthetic,keyword_tier_heuristic
37,"Sharing an update, everything seems calm near North Bridge today",Other/Irrelevant,Low,synthetic,keyword_tier_heuristic
38,"Families at Palm Grove have run out of food, feeling unwell",Food,Medium,synthetic,keyword_tier_heuristic
39,"Fire spreading fast near Millbrook, a child cardiac arrest",Fire,Critical,synthetic,keyword_tier_heuristic
40,"Fire spreading fast near Riverside Colony, a child road partially blocked",Fire,Medium,synthetic,keyword_tier_heuristic
41,"River overflowing near Station Road, severe pain, send rescue team",Flood/Rescue,High,synthetic,keyword_tier_heuristic
42,"No clean water available at Koramangala for two days, stranded",Water,High,synthetic,keyword_tier_heuristic
43,"Water levels needs help soon at Sector 12, families are stranded",Flood/Rescue,Medium,synthetic,keyword_tier_heuristic
44,"Water supply cut off at Rosewood Lane, non-urgent request, many households affected",Water,Low,synthetic,keyword_tier_heuristic
45,"Need food supplies delivered to Old Town, child missing",Food,High,synthetic,keyword_tier_heuristic
46,"Water supply cut off at Whitefield, not breathing, many households affected",Water,Critical,synthetic,keyword_tier_heuristic
47,"Temporary shelter overcrowded at Fairview Estate, buried under rubble",Shelter,Critical,synthetic,keyword_tier_heuristic
48,"Homes destroyed near Sunrise Township, families need shelter, power has been out",Shelter,Medium,synthetic,keyword_tier_heuristic
49,"No clean water available at Station Road for two days, drowning",Water,Critical,synthetic,keyword_tier_heuristic
50,"Need an ambulance at Green Valley, a child trapped",Medical,Critical,synthetic,keyword_tier_heuristic
51,"Someone collapsed at Palm Grove, smoke everywhere, need doctor urgently",Medical,High,synthetic,keyword_tier_heuristic
52,"Requesting ration kits for Rosewood Lane, drowning",Food,Critical,synthetic,keyword_tier_heuristic
53,"Someone collapsed at Fairview Estate, on fire, need doctor urgently",Medical,Critical,synthetic,keyword_tier_heuristic
54,"We are trapped by flood water near Lakeview Apartments, minor injury",Flood/Rescue,Medium,synthetic,keyword_tier_heuristic
55,"Bridge near Marina Road is damaged, low on supplies, road unsafe",Infrastructure,Medium,synthetic,keyword_tier_heuristic
56,"No clean water available at Lakeview Apartments for two days, roof caving in",Water,High,synthetic,keyword_tier_heuristic
57,"River overflowing near Sector 12, elderly stuck, send rescue team",Flood/Rescue,High,synthetic,keyword_tier_heuristic
58,"Need food supplies delivered to Green Valley, general inquiry same location as before",Food,Low,synthetic,keyword_tier_heuristic
59,"Flooding at Sector 12, my sister injured, need boat rescue",Flood/Rescue,High,synthetic,keyword_tier_heuristic
60,"Random test message, please ignore, sent from Lakeview Apartments",Other/Irrelevant,Medium,synthetic,keyword_tier_heuristic
61,"Building buried under rubble at Harbor District, smoke visible for miles",Fire,Critical,synthetic,keyword_tier_heuristic
62,"We are trapped by flood water near Riverside Colony, stranded",Flood/Rescue,High,synthetic,keyword_tier_heuristic
63,"Fire reported at Palm Grove, minor injury, need fire brigade immediately same location as before",Fire,Medium,synthetic,keyword_tier_heuristic
64,"Kitchen fire at Whitefield, cardiac arrest, please respond",Fire,Critical,synthetic,keyword_tier_heuristic
65,"Need water tanker sent to Harbor District, smoke everywhere",Water,High,synthetic,keyword_tier_heuristic
66,"Requesting ration kits for Koramangala, drowning",Food,Critical,synthetic,keyword_tier_heuristic
67,"Main road to Koramangala blocked by debris, minor leak",Infrastructure,Low,synthetic,keyword_tier_heuristic
68,Is there a helpline number for general questions about Hilltop Nagar?,Other/Irrelevant,Low,synthetic,keyword_tier_heuristic
69,"Power lines down at Riverside Colony, road partially blocked",Infrastructure,Medium,synthetic,keyword_tier_heuristic
70,"Fire reported at Riverside Colony, not breathing, need fire brigade immediately",Fire,Critical,synthetic,keyword_tier_heuristic
71,"Families at Palm Grove have run out of food, water rising slowly",Food,Medium,synthetic,keyword_tier_heuristic
72,"Building cannot move at Sunrise Township, smoke visible for miles",Fire,Critical,synthetic,keyword_tier_heuristic
73,"Fire spreading fast near Green Valley, an elderly woman bleeding heavily",Fire,Critical,synthetic,keyword_tier_heuristic
74,"the shopkeeper is trapped near East Ward, please send medical help",Medical,Critical,synthetic,keyword_tier_heuristic
75,"We are trapped by flood water near Kings Cross, power has been out",Flood/Rescue,Medium,synthetic,keyword_tier_heuristic
76,"Power lines down at Riverside Colony, feeling unwell",Infrastructure,Medium,synthetic,keyword_tier_heuristic
77,"Flooding at Millbrook, my father minor injury, need boat rescue",Flood/Rescue,Medium,synthetic,keyword_tier_heuristic
78,"Kitchen fire at North Bridge, injured, please respond",Fire,High,synthetic,keyword_tier_heuristic
79,"Requesting tents and shelter material at Sunrise Township, child missing",Shelter,High,synthetic,keyword_tier_heuristic
80,"Bridge near Station Road is damaged, gas leak, road unsafe",Infrastructure,High,synthetic,keyword_tier_heuristic
81,"River overflowing near Millbrook, needs help soon, send rescue team",Flood/Rescue,Medium,synthetic,keyword_tier_heuristic
82,Medical emergency at North Bridge - an elderly woman drowning,Medical,Critical,synthetic,keyword_tier_heuristic
83,Is there a helpline number for general questions about East Ward?,Other/Irrelevant,Medium,synthetic,keyword_tier_heuristic
84,"Communication tower near Sunrise Township is down, injured",Infrastructure,High,synthetic,keyword_tier_heuristic
85,"Power lines down at Harbor District, general inquiry",Infrastructure,Low,synthetic,keyword_tier_heuristic
86,Just wanted to say thank you to the volunteers at Hilltop Nagar,Other/Irrelevant,Low,synthetic,keyword_tier_heuristic
87,"No clean water available at Central Market for two days, power has been out",Water,Medium,synthetic,keyword_tier_heuristic
88,Medical emergency at Rosewood Lane - the shopkeeper minor injury,Medical,Medium,synthetic,keyword_tier_heuristic
89,"River overflowing near Palm Grove, road partially blocked, send rescue team",Flood/Rescue,Medium,synthetic,keyword_tier_heuristic
90,Medical emergency at Koramangala - an unknown man child missing,Medical,High,synthetic,keyword_tier_heuristic
91,"Bridge near Station Road is damaged, rising water fast, road unsafe",Infrastructure,High,synthetic,keyword_tier_heuristic
92,"Bridge near East Ward is damaged, power has been out, road unsafe",Infrastructure,Medium,synthetic,keyword_tier_heuristic
93,"Families at Harbor District have run out of food, low on supplies",Food,Medium,synthetic,keyword_tier_heuristic
94,"Need water tanker sent to Marina Road, water rising slowly",Water,Medium,synthetic,keyword_tier_heuristic
95,"Requesting tents and shelter material at Hilltop Nagar, rising water fast",Shelter,High,synthetic,keyword_tier_heuristic
96,"River overflowing near Harbor District, not breathing, send rescue team",Flood/Rescue,Critical,synthetic,keyword_tier_heuristic
97,"Homes destroyed near Rosewood Lane, families need shelter, general inquiry",Shelter,Low,synthetic,keyword_tier_heuristic
98,"Kitchen fire at Sector 12, stranded, please respond",Fire,High,synthetic,keyword_tier_heuristic
99,"Communication tower near Millbrook is down, minor injury",Infrastructure,Medium,synthetic,keyword_tier_heuristic
100,"Kitchen fire at Whitefield, smoke everywhere, please respond",Fire,High,synthetic,keyword_tier_heuristic
101,"Random test message, please ignore, sent from North Bridge same location as before",Other/Irrelevant,Medium,synthetic,keyword_tier_heuristic
102,"Communication tower near Sunrise Township is down, low on supplies",Infrastructure,Medium,synthetic,keyword_tier_heuristic
103,"No clean water available at Green Valley for two days, roof caving in",Water,High,synthetic,keyword_tier_heuristic
104,"Need food supplies delivered to Fairview Estate, elderly stuck same location as before",Food,High,synthetic,keyword_tier_heuristic
105,"Water levels needs help soon at Fairview Estate, families are stranded",Flood/Rescue,Medium,synthetic,keyword_tier_heuristic
106,"Building stranded at Whitefield, smoke visible for miles",Fire,High,synthetic,keyword_tier_heuristic
107,"Need water tanker sent to Millbrook, collapsed same location as before",Water,Critical,synthetic,keyword_tier_heuristic
108,"Water levels stranded at Sunrise Township, families are stranded",Flood/Rescue,High,synthetic,keyword_tier_heuristic
109,"Displaced families waiting outside Koramangala, elderly stuck",Shelter,High,synthetic,keyword_tier_heuristic
110,"Fire spreading fast near Whitefield, a child trapped",Fire,Critical,synthetic,keyword_tier_heuristic
111,"No clean water available at Rosewood Lane for two days, feeling unwell",Water,Medium,synthetic,keyword_tier_heuristic
112,"Fire reported at Station Road, unconscious, need fire brigade immediately",Fire,Critical,synthetic,keyword_tier_heuristic
113,"Need an ambulance at Harbor District, an unknown man not breathing",Medical,Critical,synthetic,keyword_tier_heuristic
114,"Building on fire at Fairview Estate, smoke visible for miles",Fire,Critical,synthetic,keyword_tier_heuristic
115,"Temporary shelter overcrowded at East Ward, stranded same location as before",Shelter,High,synthetic,keyword_tier_heuristic
116,"Power lines down at Central Market, feeling unwell",Infrastructure,Medium,synthetic,keyword_tier_heuristic
117,"Random test message, please ignore, sent from Riverside Colony",Other/Irrelevant,Low,synthetic,keyword_tier_heuristic
118,"Bridge near Marina Road is damaged, gas leak, road unsafe",Infrastructure,High,synthetic,keyword_tier_heuristic
119,"Drinking water contaminated at East Ward, trapped",Water,Critical,synthetic,keyword_tier_heuristic
120,"No clean water available at Hilltop Nagar for two days, requesting information",Water,Low,synthetic,keyword_tier_heuristic
121,"We are trapped by flood water near Fairview Estate, stranded same location as before",Flood/Rescue,High,synthetic,keyword_tier_heuristic
122,"Homes destroyed near Whitefield, families need shelter, stranded",Shelter,High,synthetic,keyword_tier_heuristic
123,"Building collapsed at Hilltop Nagar, smoke visible for miles",Fire,Critical,synthetic,keyword_tier_heuristic
124,"Displaced families waiting outside Rosewood Lane, non-urgent request",Shelter,Low,synthetic,keyword_tier_heuristic
125,"Temporary shelter overcrowded at Hilltop Nagar, power has been out",Shelter,Medium,synthetic,keyword_tier_heuristic
126,"Need water tanker sent to Central Market, low on supplies",Water,Medium,synthetic,keyword_tier_heuristic
127,"Need an ambulance at Millbrook, an unknown man low on supplies",Medical,Medium,synthetic,keyword_tier_heuristic
128,Is there a helpline number for general questions about Old Town?,Other/Irrelevant,Medium,synthetic,keyword_tier_heuristic
129,"Fire spreading fast near East Ward, my father roof caving in",Fire,High,synthetic,keyword_tier_heuristic
130,"River overflowing near Old Town, feeling unwell, send rescue team",Flood/Rescue,Medium,synthetic,keyword_tier_heuristic
131,"Water supply cut off at Sector 12, needs help soon, many households affected",Water,Medium,synthetic,keyword_tier_heuristic
132,"a child is not breathing near Sector 12, please send medical help",Medical,Critical,synthetic,keyword_tier_heuristic
133,"Bridge near Harbor District is damaged, low on supplies, road unsafe",Infrastructure,Medium,synthetic,keyword_tier_heuristic
134,"Water supply cut off at East Ward, minor injury, many households affected",Water,Medium,synthetic,keyword_tier_heuristic
135,"Flooding at Rosewood Lane, a child injured, need boat rescue same location as before",Flood/Rescue,High,synthetic,keyword_tier_heuristic
136,"Need an ambulance at Lakeview Apartments, my father rising water fast",Medical,High,synthetic,keyword_tier_heuristic
137,"No clean water available at Sunrise Township for two days, child missing same location as before",Water,High,synthetic,keyword_tier_heuristic
138,"Flooding at Rosewood Lane, a child injured, need boat rescue",Flood/Rescue,High,synthetic,keyword_tier_heuristic
139,"Requesting tents and shelter material at Millbrook, non-urgent request",Shelter,Low,synthetic,keyword_tier_heuristic
140,"No food distribution has reached Rosewood Lane yet, minor leak",Food,Low,synthetic,keyword_tier_heuristic
141,"Fire spreading fast near Central Market, an unknown man roof caving in",Fire,High,synthetic,keyword_tier_heuristic
142,"Water levels water rising slowly at Millbrook, families are stranded",Flood/Rescue,Medium,synthetic,keyword_tier_heuristic
143,"Bridge near Green Valley is damaged, non-urgent request, road unsafe",Infrastructure,Low,synthetic,keyword_tier_heuristic
144,"No food distribution has reached Kings Cross yet, requesting information",Food,Low,synthetic,keyword_tier_heuristic
145,"Water levels gas leak at Old Town, families are stranded",Flood/Rescue,High,synthetic,keyword_tier_heuristic
146,"Someone collapsed at Sunrise Township, unconscious, need doctor urgently",Medical,Critical,synthetic,keyword_tier_heuristic
147,"Fire reported at Riverside Colony, cardiac arrest, need fire brigade immediately",Fire,Critical,synthetic,keyword_tier_heuristic
148,"Homes destroyed near Millbrook, families need shelter, smoke everywhere",Shelter,High,synthetic,keyword_tier_heuristic
149,"Drinking water contaminated at North Bridge, road partially blocked",Water,Medium,synthetic,keyword_tier_heuristic
150,"River overflowing near Marina Road, severe pain, send rescue team",Flood/Rescue,High,synthetic,keyword_tier_heuristic
151,"Requesting tents and shelter material at Hilltop Nagar, rising water fast same location as before",Shelter,High,synthetic,keyword_tier_heuristic
152,"Requesting tents and shelter material at Rosewood Lane, feeling unwell",Shelter,Medium,synthetic,keyword_tier_heuristic
153,"Sharing an update, everything seems calm near North Bridge today",Other/Irrelevant,Low,synthetic,keyword_tier_heuristic
154,"River overflowing near Rosewood Lane, bleeding heavily, send rescue team",Flood/Rescue,Critical,synthetic,keyword_tier_heuristic
155,"We are trapped by flood water near Fairview Estate, stranded",Flood/Rescue,High,synthetic,keyword_tier_heuristic
156,"a child is needs help soon near Station Road, please send medical help",Medical,Medium,synthetic,keyword_tier_heuristic
157,"Someone collapsed at Green Valley, severe pain, need doctor urgently",Medical,High,synthetic,keyword_tier_heuristic
158,"Communication tower near Koramangala is down, water rising slowly",Infrastructure,Medium,synthetic,keyword_tier_heuristic
159,"Fire spreading fast near Sunrise Township, an elderly woman bleeding heavily",Fire,Critical,synthetic,keyword_tier_heuristic
160,"Main road to Whitefield blocked by debris, rising water fast",Infrastructure,High,synthetic,keyword_tier_heuristic
161,"Water supply cut off at Riverside Colony, rising water fast, many households affected",Water,High,synthetic,keyword_tier_heuristic
162,"Homes destroyed near Palm Grove, families need shelter, trapped",Shelter,Critical,synthetic,keyword_tier_heuristic
163,"Main road to Central Market blocked by debris, low on supplies",Infrastructure,Medium,synthetic,keyword_tier_heuristic
164,"Kitchen fire at North Bridge, bleeding heavily, please respond",Fire,Critical,synthetic,keyword_tier_heuristic
165,"Flooding at Koramangala, my neighbor rising water fast, need boat rescue",Flood/Rescue,High,synthetic,keyword_tier_heuristic
166,"Water supply cut off at Green Valley, minor injury, many households affected",Water,Medium,synthetic,keyword_tier_heuristic
167,"Random test message, please ignore, sent from East Ward",Other/Irrelevant,Low,synthetic,keyword_tier_heuristic
168,"Fire spreading fast near Palm Grove, my whole family gas leak",Fire,High,synthetic,keyword_tier_heuristic
169,Is there a helpline number for general questions about Kings Cross?,Other/Irrelevant,Medium,synthetic,keyword_tier_heuristic
170,"Fire spreading fast near Green Valley, my whole family not breathing",Fire,Critical,synthetic,keyword_tier_heuristic
171,"No food distribution has reached Station Road yet, water rising slowly",Food,Medium,synthetic,keyword_tier_heuristic
172,"Requesting tents and shelter material at Whitefield, small crack in wall",Shelter,Low,synthetic,keyword_tier_heuristic
173,"Sharing an update, everything seems calm near Green Valley today",Other/Irrelevant,Low,synthetic,keyword_tier_heuristic
174,"Kitchen fire at Sector 12, not breathing, please respond",Fire,Critical,synthetic,keyword_tier_heuristic
175,"Bridge near Whitefield is damaged, just checking in, road unsafe",Infrastructure,Low,synthetic,keyword_tier_heuristic
176,Medical emergency at Sector 12 - an unknown man road partially blocked,Medical,Medium,synthetic,keyword_tier_heuristic
177,"Fire reported at Green Valley, rising water fast, need fire brigade immediately",Fire,High,synthetic,keyword_tier_heuristic
178,"Communication tower near North Bridge is down, water rising slowly",Infrastructure,Medium,synthetic,keyword_tier_heuristic
179,"my father is severe pain near Fairview Estate, please send medical help",Medical,High,synthetic,keyword_tier_heuristic
180,"Someone collapsed at Koramangala, smoke everywhere, need doctor urgently",Medical,High,synthetic,keyword_tier_heuristic
181,"Fire reported at Rosewood Lane, low on supplies, need fire brigade immediately",Fire,Medium,synthetic,keyword_tier_heuristic
182,"Need food supplies delivered to Hilltop Nagar, power has been out",Food,Medium,synthetic,keyword_tier_heuristic
183,"Temporary shelter overcrowded at Rosewood Lane, road partially blocked same location as before",Shelter,Medium,synthetic,keyword_tier_heuristic
184,"Drinking water contaminated at Central Market, feeling unwell",Water,Medium,synthetic,keyword_tier_heuristic
185,"Temporary shelter overcrowded at Sunrise Township, roof caving in same location as before",Shelter,High,synthetic,keyword_tier_heuristic
186,"Requesting tents and shelter material at East Ward, minor injury",Shelter,Medium,synthetic,keyword_tier_heuristic
187,"Water levels low on supplies at Lakeview Apartments, families are stranded",Flood/Rescue,Medium,synthetic,keyword_tier_heuristic
188,"Temporary shelter overcrowded at Sunrise Township, roof caving in",Shelter,High,synthetic,keyword_tier_heuristic
189,"Need an ambulance at Millbrook, my sister rising water fast",Medical,High,synthetic,keyword_tier_heuristic
190,"Water levels feeling unwell at Hilltop Nagar, families are stranded",Flood/Rescue,Medium,synthetic,keyword_tier_heuristic
191,"Someone collapsed at Station Road, water rising slowly, need doctor urgently",Medical,Medium,synthetic,keyword_tier_heuristic
192,"Need food supplies delivered to North Bridge, child missing",Food,High,synthetic,keyword_tier_heuristic
193,"Fire spreading fast near Central Market, my sister not breathing",Fire,Critical,synthetic,keyword_tier_heuristic
194,"Flooding at Koramangala, my neighbor rising water fast, need boat rescue same location as before",Flood/Rescue,High,synthetic,keyword_tier_heuristic
195,"Bridge near Harbor District is damaged, water rising slowly, road unsafe",Infrastructure,Medium,synthetic,keyword_tier_heuristic
196,"Kitchen fire at Marina Road, needs help soon, please respond",Fire,Medium,synthetic,keyword_tier_heuristic
197,"Requesting ration kits for Millbrook, non-urgent request",Food,Low,synthetic,keyword_tier_heuristic
198,"Flooding at Station Road, an unknown man buried under rubble, need boat rescue",Flood/Rescue,Critical,synthetic,keyword_tier_heuristic
199,"Building unconscious at Old Town, smoke visible for miles",Fire,Critical,synthetic,keyword_tier_heuristic
200,Medical emergency at North Bridge - a child minor injury,Medical,Medium,synthetic,keyword_tier_heuristic
201,"Communication tower near Sector 12 is down, feeling unwell",Infrastructure,Medium,synthetic,keyword_tier_heuristic
202,"Main road to Whitefield blocked by debris, injured",Infrastructure,High,synthetic,keyword_tier_heuristic
203,"Homes destroyed near Rosewood Lane, families need shelter, power has been out",Shelter,Medium,synthetic,keyword_tier_heuristic
204,"Bridge near Hilltop Nagar is damaged, smoke everywhere, road unsafe",Infrastructure,High,synthetic,keyword_tier_heuristic
205,"Need food supplies delivered to Sunrise Township, minor injury",Food,Medium,synthetic,keyword_tier_heuristic
206,"No food distribution has reached Millbrook yet, gas leak",Food,High,synthetic,keyword_tier_heuristic
207,"No clean water available at North Bridge for two days, elderly stuck",Water,High,synthetic,keyword_tier_heuristic
208,"Sharing an update, everything seems calm near Millbrook today",Other/Irrelevant,Low,synthetic,keyword_tier_heuristic
209,"Displaced families waiting outside Fairview Estate, injured",Shelter,High,synthetic,keyword_tier_heuristic
210,"Communication tower near East Ward is down, low on supplies",Infrastructure,Medium,synthetic,keyword_tier_heuristic
211,Just wanted to say thank you to the volunteers at Riverside Colony,Other/Irrelevant,Low,synthetic,keyword_tier_heuristic
212,"Communication tower near Whitefield is down, minor leak",Infrastructure,Low,synthetic,keyword_tier_heuristic
213,"River overflowing near Green Valley, water rising slowly, send rescue team",Flood/Rescue,Medium,synthetic,keyword_tier_heuristic
214,"Water supply cut off at Marina Road, severe pain, many households affected",Water,High,synthetic,keyword_tier_heuristic
215,"Water levels needs help soon at Sector 12, families are stranded",Flood/Rescue,Medium,synthetic,keyword_tier_heuristic
216,Is there a helpline number for general questions about Kings Cross?,Other/Irrelevant,Low,synthetic,keyword_tier_heuristic
217,"Requesting tents and shelter material at Marina Road, child missing",Shelter,High,synthetic,keyword_tier_heuristic
218,"No clean water available at Fairview Estate for two days, power has been out",Water,Medium,synthetic,keyword_tier_heuristic
219,Is there a helpline number for general questions about Kings Cross?,Other/Irrelevant,Medium,synthetic,keyword_tier_heuristic
220,"my neighbor is bleeding heavily near Whitefield, please send medical help",Medical,Critical,synthetic,keyword_tier_heuristic
221,"Homes destroyed near Millbrook, families need shelter, feeling unwell",Shelter,Medium,synthetic,keyword_tier_heuristic
222,"Drinking water contaminated at Hilltop Nagar, minor leak",Water,Low,synthetic,keyword_tier_heuristic
223,"Someone collapsed at Kings Cross, rising water fast, need doctor urgently",Medical,High,synthetic,keyword_tier_heuristic
224,"Homes destroyed near Kings Cross, families need shelter, buried under rubble",Shelter,Critical,synthetic,keyword_tier_heuristic
225,"Need water tanker sent to North Bridge, cardiac arrest",Water,Critical,synthetic,keyword_tier_heuristic
226,"Fire reported at Millbrook, low on supplies, need fire brigade immediately",Fire,Medium,synthetic,keyword_tier_heuristic
227,"Need food supplies delivered to Whitefield, minor injury",Food,Medium,synthetic,keyword_tier_heuristic
228,Just wanted to say thank you to the volunteers at Harbor District,Other/Irrelevant,Low,synthetic,keyword_tier_heuristic
229,"Need food supplies delivered to Green Valley, general inquiry",Food,Low,synthetic,keyword_tier_heuristic
230,"Requesting ration kits for Harbor District, road partially blocked",Food,Medium,synthetic,keyword_tier_heuristic
231,"Kitchen fire at Old Town, drowning, please respond",Fire,Critical,synthetic,keyword_tier_heuristic
232,"No clean water available at Harbor District for two days, road partially blocked",Water,Medium,synthetic,keyword_tier_heuristic
233,"Main road to Old Town blocked by debris, non-urgent request",Infrastructure,Low,synthetic,keyword_tier_heuristic
234,"Requesting ration kits for Harbor District, unconscious",Food,Critical,synthetic,keyword_tier_heuristic
235,"No clean water available at Sunrise Township for two days, water rising slowly",Water,Medium,synthetic,keyword_tier_heuristic
236,"Water levels severe pain at Harbor District, families are stranded",Flood/Rescue,High,synthetic,keyword_tier_heuristic
237,"Displaced families waiting outside Hilltop Nagar, feeling unwell",Shelter,Medium,synthetic,keyword_tier_heuristic
238,"Water levels general inquiry at Marina Road, families are stranded",Flood/Rescue,Low,synthetic,keyword_tier_heuristic
239,"Someone collapsed at Sunrise Township, collapsed, need doctor urgently",Medical,Critical,synthetic,keyword_tier_heuristic
240,"Families at Fairview Estate have run out of food, low on supplies",Food,Medium,synthetic,keyword_tier_heuristic
241,Just wanted to say thank you to the volunteers at North Bridge,Other/Irrelevant,Low,synthetic,keyword_tier_heuristic
242,"River overflowing near Fairview Estate, child missing, send rescue team",Flood/Rescue,High,synthetic,keyword_tier_heuristic
243,"River overflowing near Hilltop Nagar, rising water fast, send rescue team",Flood/Rescue,High,synthetic,keyword_tier_heuristic
244,"Requesting ration kits for Sector 12, low on supplies",Food,Medium,synthetic,keyword_tier_heuristic
245,"Drinking water contaminated at Hilltop Nagar, power has been out",Water,Medium,synthetic,keyword_tier_heuristic
246,"Requesting tents and shelter material at Harbor District, gas leak",Shelter,High,synthetic,keyword_tier_heuristic
247,"Bridge near East Ward is damaged, cannot move, road unsafe same location as before",Infrastructure,Critical,synthetic,keyword_tier_heuristic
248,"No clean water available at Kings Cross for two days, cannot move",Water,Critical,synthetic,keyword_tier_heuristic
249,"Random test message, please ignore, sent from North Bridge",Other/Irrelevant,Low,synthetic,keyword_tier_heuristic
250,"Water levels roof caving in at North Bridge, families are stranded",Flood/Rescue,High,synthetic,keyword_tier_heuristic
251,"Sharing an update, everything seems calm near Rosewood Lane today",Other/Irrelevant,Low,synthetic,keyword_tier_heuristic
252,"Displaced families waiting outside Lakeview Apartments, child missing",Shelter,High,synthetic,keyword_tier_heuristic
253,"Drinking water contaminated at Millbrook, stranded",Water,High,synthetic,keyword_tier_heuristic
254,"Displaced families waiting outside Millbrook, general inquiry",Shelter,Low,synthetic,keyword_tier_heuristic
255,"Need food supplies delivered to Palm Grove, gas leak",Food,High,synthetic,keyword_tier_heuristic
256,"Fire spreading fast near Old Town, my whole family bleeding heavily",Fire,Critical,synthetic,keyword_tier_heuristic
257,"Water levels cardiac arrest at Green Valley, families are stranded",Flood/Rescue,Critical,synthetic,keyword_tier_heuristic
258,"Requesting tents and shelter material at Hilltop Nagar, severe pain",Shelter,High,synthetic,keyword_tier_heuristic
259,"Temporary shelter overcrowded at Marina Road, elderly stuck",Shelter,High,synthetic,keyword_tier_heuristic
260,"Water levels gas leak at Hilltop Nagar, families are stranded",Flood/Rescue,High,synthetic,keyword_tier_heuristic
261,"Bridge near Sunrise Township is damaged, smoke everywhere, road unsafe",Infrastructure,High,synthetic,keyword_tier_heuristic
262,"No food distribution has reached Harbor District yet, power has been out same location as before",Food,Medium,synthetic,keyword_tier_heuristic
263,"Water supply cut off at Millbrook, smoke everywhere, many households affected",Water,High,synthetic,keyword_tier_heuristic
264,"No clean water available at Marina Road for two days, low on supplies",Water,Medium,synthetic,keyword_tier_heuristic
265,"Fire spreading fast near Koramangala, a group of people roof caving in",Fire,High,synthetic,keyword_tier_heuristic
266,"Requesting ration kits for Hilltop Nagar, injured",Food,High,synthetic,keyword_tier_heuristic
267,"We are trapped by flood water near Lakeview Apartments, child missing",Flood/Rescue,High,synthetic,keyword_tier_heuristic
268,"No clean water available at Hilltop Nagar for two days, road partially blocked",Water,Medium,synthetic,keyword_tier_heuristic
269,"Someone collapsed at Green Valley, minor leak, need doctor urgently",Medical,Low,synthetic,keyword_tier_heuristic
270,"No clean water available at Sunrise Township for two days, child missing",Water,High,synthetic,keyword_tier_heuristic
271,"Water levels gas leak at Hilltop Nagar, families are stranded",Flood/Rescue,High,synthetic,keyword_tier_heuristic
272,"Requesting tents and shelter material at Koramangala, cannot move",Shelter,Critical,synthetic,keyword_tier_heuristic
273,Is there a helpline number for general questions about East Ward? same location as before,Other/Irrelevant,Low,synthetic,keyword_tier_heuristic
274,"Need water tanker sent to Kings Cross, roof caving in",Water,High,synthetic,keyword_tier_heuristic
275,"Need water tanker sent to Sunrise Township, road partially blocked",Water,Medium,synthetic,keyword_tier_heuristic
276,"Temporary shelter overcrowded at East Ward, stranded",Shelter,High,synthetic,keyword_tier_heuristic
277,"No clean water available at Fairview Estate for two days, elderly stuck",Water,High,synthetic,keyword_tier_heuristic
278,"Requesting tents and shelter material at Marina Road, unconscious",Shelter,Critical,synthetic,keyword_tier_heuristic
279,"Homes destroyed near Green Valley, families need shelter, requesting information",Shelter,Low,synthetic,keyword_tier_heuristic
280,"No food distribution has reached Station Road yet, cannot move",Food,Critical,synthetic,keyword_tier_heuristic
281,"Flooding at Sunrise Township, my neighbor needs help soon, need boat rescue",Flood/Rescue,Medium,synthetic,keyword_tier_heuristic
282,"the shopkeeper is not breathing near Harbor District, please send medical help",Medical,Critical,synthetic,keyword_tier_heuristic
283,"Fire reported at Hilltop Nagar, feeling unwell, need fire brigade immediately",Fire,Medium,synthetic,keyword_tier_heuristic
284,Is there a helpline number for general questions about Lakeview Apartments?,Other/Irrelevant,Low,synthetic,keyword_tier_heuristic
285,"Temporary shelter overcrowded at Station Road, road partially blocked",Shelter,Medium,synthetic,keyword_tier_heuristic
286,"Requesting ration kits for Marina Road, power has been out",Food,Medium,synthetic,keyword_tier_heuristic
287,"Temporary shelter overcrowded at Sunrise Township, trapped same location as before",Shelter,Critical,synthetic,keyword_tier_heuristic
288,"Drinking water contaminated at Sector 12, feeling unwell",Water,Medium,synthetic,keyword_tier_heuristic
289,"Need water tanker sent to Old Town, child missing",Water,High,synthetic,keyword_tier_heuristic
290,"an elderly woman is minor injury near Central Market, please send medical help",Medical,Medium,synthetic,keyword_tier_heuristic
291,"Need an ambulance at Whitefield, my neighbor drowning",Medical,Critical,synthetic,keyword_tier_heuristic
292,"River overflowing near Sector 12, bleeding heavily, send rescue team",Flood/Rescue,Critical,synthetic,keyword_tier_heuristic
293,"Building roof caving in at Whitefield, smoke visible for miles",Fire,High,synthetic,keyword_tier_heuristic
294,"Need food supplies delivered to Fairview Estate, elderly stuck",Food,High,synthetic,keyword_tier_heuristic
295,"Water supply cut off at Central Market, feeling unwell, many households affected",Water,Medium,synthetic,keyword_tier_heuristic
296,"Fire spreading fast near Hilltop Nagar, my sister child missing",Fire,High,synthetic,keyword_tier_heuristic
297,"Temporary shelter overcrowded at Whitefield, road partially blocked",Shelter,Medium,synthetic,keyword_tier_heuristic
298,"Requesting ration kits for Kings Cross, water rising slowly",Food,Medium,synthetic,keyword_tier_heuristic
299,"Power lines down at Central Market, low on supplies",Infrastructure,Medium,synthetic,keyword_tier_heuristic
300,"Sharing an update, everything seems calm near Lakeview Apartments today",Other/Irrelevant,Low,synthetic,keyword_tier_heuristic
301,"my father is non-urgent request near Central Market, please send medical help",Medical,Low,synthetic,keyword_tier_heuristic
302,"No food distribution has reached Harbor District yet, power has been out",Food,Medium,synthetic,keyword_tier_heuristic
303,"Fire reported at Marina Road, unconscious, need fire brigade immediately",Fire,Critical,synthetic,keyword_tier_heuristic
304,"Fire spreading fast near Station Road, my neighbor gas leak",Fire,High,synthetic,keyword_tier_heuristic
305,"Families at Palm Grove have run out of food, drowning",Food,Critical,synthetic,keyword_tier_heuristic
306,"Displaced families waiting outside Koramangala, low on supplies",Shelter,Medium,synthetic,keyword_tier_heuristic
307,"Homes destroyed near Hilltop Nagar, families need shelter, small crack in wall",Shelter,Low,synthetic,keyword_tier_heuristic
308,"Temporary shelter overcrowded at North Bridge, injured",Shelter,High,synthetic,keyword_tier_heuristic
309,"Kitchen fire at Millbrook, water rising slowly, please respond",Fire,Medium,synthetic,keyword_tier_heuristic
310,Just wanted to say thank you to the volunteers at Millbrook,Other/Irrelevant,Low,synthetic,keyword_tier_heuristic
311,"Kitchen fire at Riverside Colony, water rising slowly, please respond",Fire,Medium,synthetic,keyword_tier_heuristic
312,"Need an ambulance at Hilltop Nagar, my neighbor child missing",Medical,High,synthetic,keyword_tier_heuristic
313,"We are trapped by flood water near Central Market, not breathing",Flood/Rescue,Critical,synthetic,keyword_tier_heuristic
314,"Fire reported at Palm Grove, minor injury, need fire brigade immediately",Fire,Medium,synthetic,keyword_tier_heuristic
315,"Need an ambulance at East Ward, an elderly woman drowning",Medical,Critical,synthetic,keyword_tier_heuristic
316,Medical emergency at Old Town - my neighbor low on supplies,Medical,Medium,synthetic,keyword_tier_heuristic
317,"Flooding at Palm Grove, a group of people elderly stuck, need boat rescue",Flood/Rescue,High,synthetic,keyword_tier_heuristic
318,"Temporary shelter overcrowded at North Bridge, water rising slowly",Shelter,Medium,synthetic,keyword_tier_heuristic
319,Medical emergency at Riverside Colony - my neighbor collapsed,Medical,Critical,synthetic,keyword_tier_heuristic
320,"Requesting ration kits for Fairview Estate, power has been out",Food,Medium,synthetic,keyword_tier_heuristic
321,"a group of people is rising water fast near Old Town, please send medical help",Medical,High,synthetic,keyword_tier_heuristic
322,"Temporary shelter overcrowded at North Bridge, feeling unwell",Shelter,Medium,synthetic,keyword_tier_heuristic
323,Just wanted to say thank you to the volunteers at Harbor District same location as before,Other/Irrelevant,Low,synthetic,keyword_tier_heuristic
324,"Power lines down at Riverside Colony, collapsed",Infrastructure,Critical,synthetic,keyword_tier_heuristic
325,"No food distribution has reached East Ward yet, requesting information",Food,Low,synthetic,keyword_tier_heuristic
326,"Power lines down at Koramangala, unconscious",Infrastructure,Critical,synthetic,keyword_tier_heuristic
327,"Fire reported at Kings Cross, stranded, need fire brigade immediately",Fire,High,synthetic,keyword_tier_heuristic
328,"Homes destroyed near Rosewood Lane, families need shelter, power has been out same location as before",Shelter,Medium,synthetic,keyword_tier_heuristic
329,"Temporary shelter overcrowded at East Ward, stranded",Shelter,High,synthetic,keyword_tier_heuristic
330,"Random test message, please ignore, sent from Hilltop Nagar",Other/Irrelevant,Low,synthetic,keyword_tier_heuristic
331,"my neighbor is gas leak near Lakeview Apartments, please send medical help",Medical,High,synthetic,keyword_tier_heuristic
332,"Need water tanker sent to Central Market, stranded",Water,High,synthetic,keyword_tier_heuristic
333,"Fire reported at East Ward, roof caving in, need fire brigade immediately",Fire,High,synthetic,keyword_tier_heuristic
334,"Power lines down at Whitefield, low on supplies",Infrastructure,Medium,synthetic,keyword_tier_heuristic
335,"Displaced families waiting outside Green Valley, minor injury",Shelter,Medium,synthetic,keyword_tier_heuristic
336,"Need food supplies delivered to East Ward, gas leak",Food,High,synthetic,keyword_tier_heuristic
337,"Building elderly stuck at Palm Grove, smoke visible for miles",Fire,High,synthetic,keyword_tier_heuristic
338,"Water supply cut off at East Ward, on fire, many households affected",Water,Critical,synthetic,keyword_tier_heuristic
339,"Fire reported at Fairview Estate, smoke everywhere, need fire brigade immediately",Fire,High,synthetic,keyword_tier_heuristic
340,"We are trapped by flood water near Riverside Colony, cardiac arrest",Flood/Rescue,Critical,synthetic,keyword_tier_heuristic
341,"Drinking water contaminated at Station Road, general inquiry",Water,Low,synthetic,keyword_tier_heuristic
342,"Fire spreading fast near Millbrook, my whole family cannot move",Fire,Critical,synthetic,keyword_tier_heuristic
343,"Fire reported at Riverside Colony, severe pain, need fire brigade immediately",Fire,High,synthetic,keyword_tier_heuristic
344,"Drinking water contaminated at Millbrook, non-urgent request",Water,Low,synthetic,keyword_tier_heuristic
345,"Families at Hilltop Nagar have run out of food, stranded",Food,High,synthetic,keyword_tier_heuristic
346,"Displaced families waiting outside Old Town, power has been out",Shelter,Medium,synthetic,keyword_tier_heuristic
347,"No food distribution has reached Whitefield yet, general inquiry",Food,Low,synthetic,keyword_tier_heuristic
348,"Fire reported at Millbrook, child missing, need fire brigade immediately",Fire,High,synthetic,keyword_tier_heuristic
349,"Sharing an update, everything seems calm near Rosewood Lane today",Other/Irrelevant,Medium,synthetic,keyword_tier_heuristic
350,"Bridge near Central Market is damaged, low on supplies, road unsafe",Infrastructure,Medium,synthetic,keyword_tier_heuristic
351,"Kitchen fire at Koramangala, trapped, please respond",Fire,Critical,synthetic,keyword_tier_heuristic
352,"Building rising water fast at North Bridge, smoke visible for miles",Fire,High,synthetic,keyword_tier_heuristic
353,"Kitchen fire at Old Town, drowning, please respond",Fire,Critical,synthetic,keyword_tier_heuristic
354,"We are trapped by flood water near Fairview Estate, minor injury",Flood/Rescue,Medium,synthetic,keyword_tier_heuristic
355,"Flooding at Green Valley, a child injured, need boat rescue",Flood/Rescue,High,synthetic,keyword_tier_heuristic
356,"Families at Marina Road have run out of food, feeling unwell",Food,Medium,synthetic,keyword_tier_heuristic
357,"Sharing an update, everything seems calm near Harbor District today",Other/Irrelevant,Low,synthetic,keyword_tier_heuristic
358,"Displaced families waiting outside Millbrook, road partially blocked",Shelter,Medium,synthetic,keyword_tier_heuristic
359,"Need an ambulance at Sunrise Township, my whole family general inquiry",Medical,Low,synthetic,keyword_tier_heuristic
360,"Kitchen fire at Central Market, roof caving in, please respond",Fire,High,synthetic,keyword_tier_heuristic
361,"Displaced families waiting outside Lakeview Apartments, not breathing same location as before",Shelter,Critical,synthetic,keyword_tier_heuristic
362,"Water levels on fire at Hilltop Nagar, families are stranded",Flood/Rescue,Critical,synthetic,keyword_tier_heuristic
363,Medical emergency at Kings Cross - an unknown man child missing,Medical,High,synthetic,keyword_tier_heuristic
364,"Families at Harbor District have run out of food, needs help soon",Food,Medium,synthetic,keyword_tier_heuristic
365,"Need water tanker sent to Millbrook, smoke everywhere same location as before",Water,High,synthetic,keyword_tier_heuristic
366,"Bridge near North Bridge is damaged, elderly stuck, road unsafe",Infrastructure,High,synthetic,keyword_tier_heuristic
367,"Communication tower near Hilltop Nagar is down, just checking in",Infrastructure,Low,synthetic,keyword_tier_heuristic
368,"Water levels drowning at Sunrise Township, families are stranded",Flood/Rescue,Critical,synthetic,keyword_tier_heuristic
369,"my father is rising water fast near North Bridge, please send medical help",Medical,High,synthetic,keyword_tier_heuristic
370,"Families at Central Market have run out of food, injured",Food,High,synthetic,keyword_tier_heuristic
371,"We are trapped by flood water near Kings Cross, elderly stuck",Flood/Rescue,High,synthetic,keyword_tier_heuristic
372,"Temporary shelter overcrowded at Central Market, minor leak",Shelter,Low,synthetic,keyword_tier_heuristic
373,"Someone collapsed at Harbor District, needs help soon, need doctor urgently",Medical,Medium,synthetic,keyword_tier_heuristic
374,"Water supply cut off at Central Market, child missing, many households affected",Water,High,synthetic,keyword_tier_heuristic
375,"Need food supplies delivered to North Bridge, smoke everywhere same location as before",Food,High,synthetic,keyword_tier_heuristic
376,"Temporary shelter overcrowded at Millbrook, cardiac arrest",Shelter,Critical,synthetic,keyword_tier_heuristic
377,"No food distribution has reached Hilltop Nagar yet, gas leak",Food,High,synthetic,keyword_tier_heuristic
378,"Fire reported at Sunrise Township, just checking in, need fire brigade immediately",Fire,Low,synthetic,keyword_tier_heuristic
379,"Communication tower near Whitefield is down, low on supplies",Infrastructure,Medium,synthetic,keyword_tier_heuristic
380,"Homes destroyed near East Ward, families need shelter, elderly stuck",Shelter,High,synthetic,keyword_tier_heuristic
381,"Communication tower near Lakeview Apartments is down, drowning",Infrastructure,Critical,synthetic,keyword_tier_heuristic
382,"Requesting ration kits for Sunrise Township, not breathing",Food,Critical,synthetic,keyword_tier_heuristic
383,"We are trapped by flood water near Koramangala, injured",Flood/Rescue,High,synthetic,keyword_tier_heuristic
384,"No food distribution has reached East Ward yet, feeling unwell",Food,Medium,synthetic,keyword_tier_heuristic
385,"Water levels needs help soon at Palm Grove, families are stranded",Flood/Rescue,Medium,synthetic,keyword_tier_heuristic
386,"Drinking water contaminated at Fairview Estate, smoke everywhere",Water,High,synthetic,keyword_tier_heuristic
387,"Main road to Central Market blocked by debris, smoke everywhere",Infrastructure,High,synthetic,keyword_tier_heuristic
388,"Main road to Fairview Estate blocked by debris, unconscious",Infrastructure,Critical,synthetic,keyword_tier_heuristic
389,"Water levels rising water fast at Green Valley, families are stranded",Flood/Rescue,High,synthetic,keyword_tier_heuristic
390,"Random test message, please ignore, sent from Millbrook",Other/Irrelevant,Medium,synthetic,keyword_tier_heuristic
391,"No food distribution has reached Whitefield yet, general inquiry same location as before",Food,Low,synthetic,keyword_tier_heuristic
392,"Sharing an update, everything seems calm near Green Valley today",Other/Irrelevant,Low,synthetic,keyword_tier_heuristic
393,"Fire spreading fast near Harbor District, my sister buried under rubble",Fire,Critical,synthetic,keyword_tier_heuristic
394,"Main road to Palm Grove blocked by debris, water rising slowly",Infrastructure,Medium,synthetic,keyword_tier_heuristic
395,"Need water tanker sent to Palm Grove, general inquiry",Water,Low,synthetic,keyword_tier_heuristic
396,"Power lines down at Kings Cross, feeling unwell",Infrastructure,Medium,synthetic,keyword_tier_heuristic
397,"Families at Sector 12 have run out of food, small crack in wall",Food,Low,synthetic,keyword_tier_heuristic
398,"Sharing an update, everything seems calm near Riverside Colony today",Other/Irrelevant,Low,synthetic,keyword_tier_heuristic
399,"Fire spreading fast near Hilltop Nagar, an elderly woman roof caving in",Fire,High,synthetic,keyword_tier_heuristic
400,"Need food supplies delivered to Whitefield, just checking in",Food,Low,synthetic,keyword_tier_heuristic
401,"Main road to Hilltop Nagar blocked by debris, needs help soon",Infrastructure,Medium,synthetic,keyword_tier_heuristic
402,"Fire reported at Marina Road, stranded, need fire brigade immediately",Fire,High,synthetic,keyword_tier_heuristic
403,"Families at Whitefield have run out of food, needs help soon",Food,Medium,synthetic,keyword_tier_heuristic
404,"Random test message, please ignore, sent from Rosewood Lane",Other/Irrelevant,Low,synthetic,keyword_tier_heuristic
405,"Random test message, please ignore, sent from Kings Cross",Other/Irrelevant,Low,synthetic,keyword_tier_heuristic
406,"Requesting ration kits for Green Valley, power has been out",Food,Medium,synthetic,keyword_tier_heuristic
407,"Fire reported at Lakeview Apartments, non-urgent request, need fire brigade immediately",Fire,Low,synthetic,keyword_tier_heuristic
408,"Water supply cut off at East Ward, feeling unwell, many households affected",Water,Medium,synthetic,keyword_tier_heuristic
409,"Need water tanker sent to Central Market, drowning",Water,Critical,synthetic,keyword_tier_heuristic
410,"Fire spreading fast near Rosewood Lane, a child on fire",Fire,Critical,synthetic,keyword_tier_heuristic
411,"Bridge near Rosewood Lane is damaged, buried under rubble, road unsafe same location as before",Infrastructure,Critical,synthetic,keyword_tier_heuristic
412,"Requesting ration kits for Millbrook, trapped",Food,Critical,synthetic,keyword_tier_heuristic
413,"Requesting tents and shelter material at Harbor District, unconscious",Shelter,Critical,synthetic,keyword_tier_heuristic
414,"We are trapped by flood water near Hilltop Nagar, low on supplies",Flood/Rescue,Medium,synthetic,keyword_tier_heuristic
415,"Power lines down at Koramangala, non-urgent request",Infrastructure,Low,synthetic,keyword_tier_heuristic
416,"Sharing an update, everything seems calm near Riverside Colony today",Other/Irrelevant,Medium,synthetic,keyword_tier_heuristic
417,"We are trapped by flood water near Palm Grove, roof caving in",Flood/Rescue,High,synthetic,keyword_tier_heuristic
418,"Need water tanker sent to Marina Road, feeling unwell",Water,Medium,synthetic,keyword_tier_heuristic
419,"Flooding at Whitefield, my sister not breathing, need boat rescue",Flood/Rescue,Critical,synthetic,keyword_tier_heuristic
420,"Need food supplies delivered to Riverside Colony, severe pain",Food,High,synthetic,keyword_tier_heuristic
421,Just wanted to say thank you to the volunteers at Station Road,Other/Irrelevant,Low,synthetic,keyword_tier_heuristic
422,"Kitchen fire at Marina Road, cardiac arrest, please respond same location as before",Fire,Critical,synthetic,keyword_tier_heuristic
423,"Kitchen fire at Central Market, buried under rubble, please respond",Fire,Critical,synthetic,keyword_tier_heuristic
424,"Displaced families waiting outside Lakeview Apartments, not breathing",Shelter,Critical,synthetic,keyword_tier_heuristic
425,"Bridge near Riverside Colony is damaged, needs help soon, road unsafe",Infrastructure,Medium,synthetic,keyword_tier_heuristic
426,"River overflowing near Millbrook, drowning, send rescue team",Flood/Rescue,Critical,synthetic,keyword_tier_heuristic
427,"Homes destroyed near Green Valley, families need shelter, general inquiry",Shelter,Low,synthetic,keyword_tier_heuristic
428,"Main road to East Ward blocked by debris, feeling unwell",Infrastructure,Medium,synthetic,keyword_tier_heuristic
429,Is there a helpline number for general questions about Hilltop Nagar?,Other/Irrelevant,Low,synthetic,keyword_tier_heuristic
430,"Need an ambulance at Sector 12, my father unconscious",Medical,Critical,synthetic,keyword_tier_heuristic
431,"Drinking water contaminated at Old Town, needs help soon",Water,Medium,synthetic,keyword_tier_heuristic
432,"Main road to Marina Road blocked by debris, needs help soon",Infrastructure,Medium,synthetic,keyword_tier_heuristic
433,Is there a helpline number for general questions about Millbrook?,Other/Irrelevant,Low,synthetic,keyword_tier_heuristic
434,"Temporary shelter overcrowded at Sunrise Township, trapped",Shelter,Critical,synthetic,keyword_tier_heuristic
435,"Main road to Kings Cross blocked by debris, injured",Infrastructure,High,synthetic,keyword_tier_heuristic
436,"We are trapped by flood water near East Ward, severe pain",Flood/Rescue,High,synthetic,keyword_tier_heuristic
437,"Main road to Hilltop Nagar blocked by debris, water rising slowly",Infrastructure,Medium,synthetic,keyword_tier_heuristic
438,"Flooding at Whitefield, my father water rising slowly, need boat rescue",Flood/Rescue,Medium,synthetic,keyword_tier_heuristic
439,"Fire reported at Green Valley, power has been out, need fire brigade immediately",Fire,Medium,synthetic,keyword_tier_heuristic
440,"Water supply cut off at Sector 12, rising water fast, many households affected",Water,High,synthetic,keyword_tier_heuristic
441,Just wanted to say thank you to the volunteers at Sector 12,Other/Irrelevant,Low,synthetic,keyword_tier_heuristic
442,"Random test message, please ignore, sent from Sunrise Township",Other/Irrelevant,Low,synthetic,keyword_tier_heuristic
443,"Random test message, please ignore, sent from Station Road",Other/Irrelevant,Medium,synthetic,keyword_tier_heuristic
444,"Communication tower near Whitefield is down, smoke everywhere",Infrastructure,High,synthetic,keyword_tier_heuristic
445,"Need food supplies delivered to Whitefield, needs help soon",Food,Medium,synthetic,keyword_tier_heuristic
446,"Flooding at Green Valley, the shopkeeper water rising slowly, need boat rescue",Flood/Rescue,Medium,synthetic,keyword_tier_heuristic
447,"Requesting ration kits for Lakeview Apartments, cannot move",Food,Critical,synthetic,keyword_tier_heuristic
448,"Communication tower near Sunrise Township is down, minor injury",Infrastructure,Medium,synthetic,keyword_tier_heuristic
449,"Requesting ration kits for Old Town, cardiac arrest",Food,Critical,synthetic,keyword_tier_heuristic
450,"an elderly woman is trapped near Hilltop Nagar, please send medical help",Medical,Critical,synthetic,keyword_tier_heuristic
451,"No clean water available at Station Road for two days, rising water fast",Water,High,synthetic,keyword_tier_heuristic
452,"Building feeling unwell at Millbrook, smoke visible for miles",Fire,Medium,synthetic,keyword_tier_heuristic
453,"We are trapped by flood water near Green Valley, injured",Flood/Rescue,High,synthetic,keyword_tier_heuristic
454,"Communication tower near East Ward is down, severe pain",Infrastructure,High,synthetic,keyword_tier_heuristic
455,Is there a helpline number for general questions about Hilltop Nagar?,Other/Irrelevant,Low,synthetic,keyword_tier_heuristic
456,"Need an ambulance at Lakeview Apartments, my whole family severe pain",Medical,High,synthetic,keyword_tier_heuristic
457,"Requesting ration kits for Rosewood Lane, drowning same location as before",Food,Critical,synthetic,keyword_tier_heuristic
458,"Temporary shelter overcrowded at Harbor District, stranded",Shelter,High,synthetic,keyword_tier_heuristic
459,"Random test message, please ignore, sent from East Ward",Other/Irrelevant,Medium,synthetic,keyword_tier_heuristic
460,Medical emergency at Whitefield - a child cardiac arrest,Medical,Critical,synthetic,keyword_tier_heuristic
461,Is there a helpline number for general questions about Marina Road?,Other/Irrelevant,Low,synthetic,keyword_tier_heuristic
462,"Communication tower near Station Road is down, unconscious",Infrastructure,Critical,synthetic,keyword_tier_heuristic
463,"Bridge near East Ward is damaged, cannot move, road unsafe",Infrastructure,Critical,synthetic,keyword_tier_heuristic
464,"Water supply cut off at Sunrise Township, minor leak, many households affected",Water,Low,synthetic,keyword_tier_heuristic
465,"River overflowing near Millbrook, child missing, send rescue team",Flood/Rescue,High,synthetic,keyword_tier_heuristic
466,"a group of people is rising water fast near Rosewood Lane, please send medical help",Medical,High,synthetic,keyword_tier_heuristic
467,"Sharing an update, everything seems calm near North Bridge today",Other/Irrelevant,Medium,synthetic,keyword_tier_heuristic
468,"Drinking water contaminated at Rosewood Lane, water rising slowly",Water,Medium,synthetic,keyword_tier_heuristic
469,"Sharing an update, everything seems calm near Millbrook today",Other/Irrelevant,Medium,synthetic,keyword_tier_heuristic
470,"Water levels gas leak at Old Town, families are stranded same location as before",Flood/Rescue,High,synthetic,keyword_tier_heuristic
471,"Random test message, please ignore, sent from Marina Road",Other/Irrelevant,Low,synthetic,keyword_tier_heuristic
472,"Water supply cut off at Central Market, when will help arrive, many households affected",Water,Low,synthetic,keyword_tier_heuristic
473,"Temporary shelter overcrowded at North Bridge, needs help soon",Shelter,Medium,synthetic,keyword_tier_heuristic
474,"No clean water available at Hilltop Nagar for two days, minor injury",Water,Medium,synthetic,keyword_tier_heuristic
475,"Main road to Whitefield blocked by debris, non-urgent request",Infrastructure,Low,synthetic,keyword_tier_heuristic
476,"River overflowing near Hilltop Nagar, not breathing, send rescue team",Flood/Rescue,Critical,synthetic,keyword_tier_heuristic
477,"Communication tower near Green Valley is down, drowning",Infrastructure,Critical,synthetic,keyword_tier_heuristic
478,"Displaced families waiting outside Green Valley, power has been out",Shelter,Medium,synthetic,keyword_tier_heuristic
479,"Fire reported at East Ward, not breathing, need fire brigade immediately",Fire,Critical,synthetic,keyword_tier_heuristic
480,"Fire spreading fast near Sunrise Township, my sister needs help soon",Fire,Medium,synthetic,keyword_tier_heuristic
481,"No clean water available at Harbor District for two days, gas leak",Water,High,synthetic,keyword_tier_heuristic
482,"Kitchen fire at Hilltop Nagar, buried under rubble, please respond",Fire,Critical,synthetic,keyword_tier_heuristic
483,"Power lines down at Hilltop Nagar, low on supplies",Infrastructure,Medium,synthetic,keyword_tier_heuristic
484,"Power lines down at Harbor District, collapsed",Infrastructure,Critical,synthetic,keyword_tier_heuristic
485,"Sharing an update, everything seems calm near Lakeview Apartments today",Other/Irrelevant,Low,synthetic,keyword_tier_heuristic
486,"Water levels unconscious at Riverside Colony, families are stranded",Flood/Rescue,Critical,synthetic,keyword_tier_heuristic
487,"Water supply cut off at Whitefield, gas leak, many households affected",Water,High,synthetic,keyword_tier_heuristic
488,"Main road to Green Valley blocked by debris, low on supplies same location as before",Infrastructure,Medium,synthetic,keyword_tier_heuristic
489,"Requesting tents and shelter material at Station Road, low on supplies",Shelter,Medium,synthetic,keyword_tier_heuristic
490,"Families at Marina Road have run out of food, needs help soon",Food,Medium,synthetic,keyword_tier_heuristic
491,"Displaced families waiting outside Old Town, minor injury",Shelter,Medium,synthetic,keyword_tier_heuristic
492,Is there a helpline number for general questions about Riverside Colony?,Other/Irrelevant,Medium,synthetic,keyword_tier_heuristic
493,"Random test message, please ignore, sent from Palm Grove same location as before",Other/Irrelevant,Low,synthetic,keyword_tier_heuristic
494,Medical emergency at North Bridge - an elderly woman drowning same location as before,Medical,Critical,synthetic,keyword_tier_heuristic
495,"Kitchen fire at Harbor District, buried under rubble, please respond",Fire,Critical,synthetic,keyword_tier_heuristic
496,"Sharing an update, everything seems calm near Rosewood Lane today",Other/Irrelevant,Low,synthetic,keyword_tier_heuristic
497,"Families at Central Market have run out of food, needs help soon",Food,Medium,synthetic,keyword_tier_heuristic
498,"Need an ambulance at Green Valley, a child trapped same location as before",Medical,Critical,synthetic,keyword_tier_heuristic
499,"Main road to Sector 12 blocked by debris, requesting information",Infrastructure,Low,synthetic,keyword_tier_heuristic
500,"Drinking water contaminated at Harbor District, feeling unwell",Water,Medium,synthetic,keyword_tier_heuristic
501,"We are trapped by flood water near Palm Grove, drowning",Flood/Rescue,Critical,synthetic,keyword_tier_heuristic
502,"River overflowing near Kings Cross, minor injury, send rescue team",Flood/Rescue,Medium,synthetic,keyword_tier_heuristic
503,"Main road to Marina Road blocked by debris, water rising slowly",Infrastructure,Medium,synthetic,keyword_tier_heuristic
504,"Temporary shelter overcrowded at Lakeview Apartments, water rising slowly",Shelter,Medium,synthetic,keyword_tier_heuristic
505,"Building on fire at Sector 12, smoke visible for miles",Fire,Critical,synthetic,keyword_tier_heuristic
506,"Flooding at Rosewood Lane, my whole family low on supplies, need boat rescue",Flood/Rescue,Medium,synthetic,keyword_tier_heuristic
507,"Power lines down at Station Road, severe pain",Infrastructure,High,synthetic,keyword_tier_heuristic
508,"Homes destroyed near Millbrook, families need shelter, feeling unwell",Shelter,Medium,synthetic,keyword_tier_heuristic
509,"Need food supplies delivered to Millbrook, needs help soon",Food,Medium,synthetic,keyword_tier_heuristic
510,"Water supply cut off at Palm Grove, road partially blocked, many households affected",Water,Medium,synthetic,keyword_tier_heuristic
511,"Need food supplies delivered to Kings Cross, minor injury",Food,Medium,synthetic,keyword_tier_heuristic
512,"Random test message, please ignore, sent from Marina Road",Other/Irrelevant,Low,synthetic,keyword_tier_heuristic
513,"Someone collapsed at Fairview Estate, on fire, need doctor urgently",Medical,Critical,synthetic,keyword_tier_heuristic
514,"Random test message, please ignore, sent from Koramangala",Other/Irrelevant,Low,synthetic,keyword_tier_heuristic
515,"Displaced families waiting outside Green Valley, roof caving in",Shelter,High,synthetic,keyword_tier_heuristic
516,"a child is on fire near Station Road, please send medical help",Medical,Critical,synthetic,keyword_tier_heuristic
517,"Displaced families waiting outside Kings Cross, stranded",Shelter,High,synthetic,keyword_tier_heuristic
518,"Sharing an update, everything seems calm near Fairview Estate today same location as before",Other/Irrelevant,Medium,synthetic,keyword_tier_heuristic
519,"Drinking water contaminated at Millbrook, child missing",Water,High,synthetic,keyword_tier_heuristic
520,Medical emergency at Millbrook - my whole family on fire,Medical,Critical,synthetic,keyword_tier_heuristic
521,"Power lines down at Palm Grove, needs help soon",Infrastructure,Medium,synthetic,keyword_tier_heuristic
522,"Flooding at Harbor District, my whole family cardiac arrest, need boat rescue",Flood/Rescue,Critical,synthetic,keyword_tier_heuristic
523,"my sister is road partially blocked near East Ward, please send medical help",Medical,Medium,synthetic,keyword_tier_heuristic
524,"No food distribution has reached Lakeview Apartments yet, severe pain",Food,High,synthetic,keyword_tier_heuristic
525,"Homes destroyed near Sunrise Township, families need shelter, unconscious",Shelter,Critical,synthetic,keyword_tier_heuristic
526,"Requesting ration kits for East Ward, gas leak",Food,High,synthetic,keyword_tier_heuristic
527,"Someone collapsed at Rosewood Lane, collapsed, need doctor urgently",Medical,Critical,synthetic,keyword_tier_heuristic
528,Just wanted to say thank you to the volunteers at North Bridge,Other/Irrelevant,Low,synthetic,keyword_tier_heuristic
529,"Power lines down at Fairview Estate, low on supplies",Infrastructure,Medium,synthetic,keyword_tier_heuristic
530,Medical emergency at East Ward - my whole family stranded,Medical,High,synthetic,keyword_tier_heuristic
531,"Fire reported at Palm Grove, severe pain, need fire brigade immediately",Fire,High,synthetic,keyword_tier_heuristic
532,"Requesting tents and shelter material at Fairview Estate, water rising slowly",Shelter,Medium,synthetic,keyword_tier_heuristic
533,"Flooding at Central Market, an elderly woman minor leak, need boat rescue",Flood/Rescue,Low,synthetic,keyword_tier_heuristic
534,"Communication tower near Fairview Estate is down, minor injury",Infrastructure,Medium,synthetic,keyword_tier_heuristic
535,"Fire spreading fast near Old Town, a child minor injury",Fire,Medium,synthetic,keyword_tier_heuristic
536,Is there a helpline number for general questions about Central Market?,Other/Irrelevant,Low,synthetic,keyword_tier_heuristic
537,"Fire spreading fast near Sunrise Township, a group of people minor leak",Fire,Low,synthetic,keyword_tier_heuristic
538,"Someone collapsed at North Bridge, minor injury, need doctor urgently",Medical,Medium,synthetic,keyword_tier_heuristic
539,"Families at East Ward have run out of food, child missing",Food,High,synthetic,keyword_tier_heuristic
540,"Temporary shelter overcrowded at Rosewood Lane, road partially blocked",Shelter,Medium,synthetic,keyword_tier_heuristic
541,"River overflowing near Koramangala, elderly stuck, send rescue team",Flood/Rescue,High,synthetic,keyword_tier_heuristic
542,"Fire reported at North Bridge, not breathing, need fire brigade immediately",Fire,Critical,synthetic,keyword_tier_heuristic
543,"Flooding at Sunrise Township, my neighbor roof caving in, need boat rescue",Flood/Rescue,High,synthetic,keyword_tier_heuristic
544,"Temporary shelter overcrowded at Harbor District, rising water fast",Shelter,High,synthetic,keyword_tier_heuristic
545,"Requesting ration kits for Koramangala, severe pain",Food,High,synthetic,keyword_tier_heuristic
546,"Requesting tents and shelter material at East Ward, bleeding heavily",Shelter,Critical,synthetic,keyword_tier_heuristic
547,"Flooding at East Ward, an unknown man child missing, need boat rescue",Flood/Rescue,High,synthetic,keyword_tier_heuristic
548,"Someone collapsed at Sector 12, drowning, need doctor urgently",Medical,Critical,synthetic,keyword_tier_heuristic
549,"River overflowing near Lakeview Apartments, feeling unwell, send rescue team",Flood/Rescue,Medium,synthetic,keyword_tier_heuristic
550,"my whole family is on fire near Millbrook, please send medical help",Medical,Critical,synthetic,keyword_tier_heuristic
551,"Need an ambulance at Sector 12, my neighbor elderly stuck",Medical,High,synthetic,keyword_tier_heuristic
552,"Fire spreading fast near Hilltop Nagar, my father smoke everywhere",Fire,High,synthetic,keyword_tier_heuristic
553,"Someone collapsed at Old Town, trapped, need doctor urgently",Medical,Critical,synthetic,keyword_tier_heuristic
554,"the shopkeeper is trapped near East Ward, please send medical help same location as before",Medical,Critical,synthetic,keyword_tier_heuristic
555,"Requesting tents and shelter material at East Ward, general inquiry",Shelter,Low,synthetic,keyword_tier_heuristic
556,"Displaced families waiting outside Hilltop Nagar, injured",Shelter,High,synthetic,keyword_tier_heuristic
557,"Communication tower near Fairview Estate is down, water rising slowly",Infrastructure,Medium,synthetic,keyword_tier_heuristic
558,"Fire reported at Whitefield, collapsed, need fire brigade immediately",Fire,Critical,synthetic,keyword_tier_heuristic
559,Medical emergency at Harbor District - the shopkeeper collapsed,Medical,Critical,synthetic,keyword_tier_heuristic
560,"Need food supplies delivered to Sector 12, water rising slowly",Food,Medium,synthetic,keyword_tier_heuristic
561,"Need food supplies delivered to North Bridge, smoke everywhere",Food,High,synthetic,keyword_tier_heuristic
562,"Sharing an update, everything seems calm near Station Road today same location as before",Other/Irrelevant,Low,synthetic,keyword_tier_heuristic
563,"Fire reported at Whitefield, buried under rubble, need fire brigade immediately",Fire,Critical,synthetic,keyword_tier_heuristic
564,"We are trapped by flood water near Station Road, road partially blocked",Flood/Rescue,Medium,synthetic,keyword_tier_heuristic
565,"Displaced families waiting outside Millbrook, child missing",Shelter,High,synthetic,keyword_tier_heuristic
566,"No food distribution has reached Kings Cross yet, requesting information same location as before",Food,Low,synthetic,keyword_tier_heuristic
567,"Building gas leak at Millbrook, smoke visible for miles",Fire,High,synthetic,keyword_tier_heuristic
568,"Fire spreading fast near Marina Road, my sister cannot move same location as before",Fire,Critical,synthetic,keyword_tier_heuristic
569,"Need food supplies delivered to North Bridge, general inquiry",Food,Low,synthetic,keyword_tier_heuristic
570,"Drinking water contaminated at East Ward, road partially blocked",Water,Medium,synthetic,keyword_tier_heuristic
571,"River overflowing near Sector 12, child missing, send rescue team",Flood/Rescue,High,synthetic,keyword_tier_heuristic
572,"Requesting tents and shelter material at Harbor District, gas leak same location as before",Shelter,High,synthetic,keyword_tier_heuristic
573,"Water levels child missing at North Bridge, families are stranded",Flood/Rescue,High,synthetic,keyword_tier_heuristic
574,"Kitchen fire at Hilltop Nagar, not breathing, please respond",Fire,Critical,synthetic,keyword_tier_heuristic
575,"Drinking water contaminated at Green Valley, just checking in same location as before",Water,Low,synthetic,keyword_tier_heuristic
576,"Power lines down at Fairview Estate, feeling unwell",Infrastructure,Medium,synthetic,keyword_tier_heuristic
577,"Flooding at Harbor District, my neighbor when will help arrive, need boat rescue",Flood/Rescue,Low,synthetic,keyword_tier_heuristic
578,"Fire reported at Harbor District, road partially blocked, need fire brigade immediately",Fire,Medium,synthetic,keyword_tier_heuristic
579,"Flooding at North Bridge, a child child missing, need boat rescue",Flood/Rescue,High,synthetic,keyword_tier_heuristic
580,"Fire spreading fast near Marina Road, my sister cannot move",Fire,Critical,synthetic,keyword_tier_heuristic
581,Is there a helpline number for general questions about Sunrise Township?,Other/Irrelevant,Low,synthetic,keyword_tier_heuristic
582,"Someone collapsed at Sunrise Township, unconscious, need doctor urgently",Medical,Critical,synthetic,keyword_tier_heuristic
583,"Requesting ration kits for North Bridge, water rising slowly",Food,Medium,synthetic,keyword_tier_heuristic
584,"Requesting tents and shelter material at Harbor District, cardiac arrest",Shelter,Critical,synthetic,keyword_tier_heuristic
585,"Need water tanker sent to Koramangala, buried under rubble",Water,Critical,synthetic,keyword_tier_heuristic
586,Just wanted to say thank you to the volunteers at Palm Grove,Other/Irrelevant,Low,synthetic,keyword_tier_heuristic
587,"We are trapped by flood water near Old Town, trapped",Flood/Rescue,Critical,synthetic,keyword_tier_heuristic
588,"Drinking water contaminated at Lakeview Apartments, unconscious",Water,Critical,synthetic,keyword_tier_heuristic
589,"Kitchen fire at Old Town, smoke everywhere, please respond",Fire,High,synthetic,keyword_tier_heuristic
590,"Temporary shelter overcrowded at Sunrise Township, not breathing",Shelter,Critical,synthetic,keyword_tier_heuristic
591,"Communication tower near Riverside Colony is down, elderly stuck",Infrastructure,High,synthetic,keyword_tier_heuristic
592,"Flooding at Whitefield, my sister trapped, need boat rescue",Flood/Rescue,Critical,synthetic,keyword_tier_heuristic
593,"Water supply cut off at Sunrise Township, road partially blocked, many households affected",Water,Medium,synthetic,keyword_tier_heuristic
594,Medical emergency at Millbrook - a group of people minor injury,Medical,Medium,synthetic,keyword_tier_heuristic
595,"No clean water available at Palm Grove for two days, buried under rubble",Water,Critical,synthetic,keyword_tier_heuristic
596,"Homes destroyed near Whitefield, families need shelter, water rising slowly",Shelter,Medium,synthetic,keyword_tier_heuristic
597,"We are trapped by flood water near Riverside Colony, child missing",Flood/Rescue,High,synthetic,keyword_tier_heuristic
598,"Bridge near Whitefield is damaged, just checking in, road unsafe",Infrastructure,Low,synthetic,keyword_tier_heuristic
599,"We are trapped by flood water near Harbor District, rising water fast",Flood/Rescue,High,synthetic,keyword_tier_heuristic
600,"Need an ambulance at Palm Grove, a child stranded",Medical,High,synthetic,keyword_tier_heuristic
601,"Bridge near Riverside Colony is damaged, feeling unwell, road unsafe",Infrastructure,Medium,synthetic,keyword_tier_heuristic
602,"Requesting tents and shelter material at Lakeview Apartments, just checking in",Shelter,Low,synthetic,keyword_tier_heuristic
603,"Main road to Fairview Estate blocked by debris, elderly stuck",Infrastructure,High,synthetic,keyword_tier_heuristic
604,"Bridge near Lakeview Apartments is damaged, power has been out, road unsafe",Infrastructure,Medium,synthetic,keyword_tier_heuristic
605,"Homes destroyed near Rosewood Lane, families need shelter, road partially blocked",Shelter,Medium,synthetic,keyword_tier_heuristic
606,Just wanted to say thank you to the volunteers at Lakeview Apartments,Other/Irrelevant,Low,synthetic,keyword_tier_heuristic
607,"Temporary shelter overcrowded at Koramangala, water rising slowly",Shelter,Medium,synthetic,keyword_tier_heuristic
608,Just wanted to say thank you to the volunteers at Station Road,Other/Irrelevant,Low,synthetic,keyword_tier_heuristic
609,"Temporary shelter overcrowded at Harbor District, elderly stuck",Shelter,High,synthetic,keyword_tier_heuristic
610,"my neighbor is child missing near Station Road, please send medical help",Medical,High,synthetic,keyword_tier_heuristic
611,"Bridge near Green Valley is damaged, child missing, road unsafe",Infrastructure,High,synthetic,keyword_tier_heuristic
612,"Water levels feeling unwell at Lakeview Apartments, families are stranded",Flood/Rescue,Medium,synthetic,keyword_tier_heuristic
613,"River overflowing near Sunrise Township, road partially blocked, send rescue team",Flood/Rescue,Medium,synthetic,keyword_tier_heuristic
614,"Requesting ration kits for Sunrise Township, roof caving in",Food,High,synthetic,keyword_tier_heuristic
615,"Kitchen fire at Koramangala, trapped, please respond same location as before",Fire,Critical,synthetic,keyword_tier_heuristic
616,"Need an ambulance at Whitefield, my sister power has been out",Medical,Medium,synthetic,keyword_tier_heuristic
617,"Flooding at Sunrise Township, a child elderly stuck, need boat rescue",Flood/Rescue,High,synthetic,keyword_tier_heuristic
618,"Need water tanker sent to Rosewood Lane, unconscious",Water,Critical,synthetic,keyword_tier_heuristic
619,"Families at Riverside Colony have run out of food, needs help soon",Food,Medium,synthetic,keyword_tier_heuristic
620,"Displaced families waiting outside Whitefield, smoke everywhere",Shelter,High,synthetic,keyword_tier_heuristic
621,"Requesting ration kits for Marina Road, rising water fast",Food,High,synthetic,keyword_tier_heuristic
622,Is there a helpline number for general questions about Palm Grove?,Other/Irrelevant,High,synthetic,keyword_tier_heuristic
623,"No clean water available at Koramangala for two days, low on supplies",Water,Medium,synthetic,keyword_tier_heuristic
624,"Bridge near Lakeview Apartments is damaged, elderly stuck, road unsafe",Infrastructure,High,synthetic,keyword_tier_heuristic
625,"Someone collapsed at Fairview Estate, bleeding heavily, need doctor urgently",Medical,Critical,synthetic,keyword_tier_heuristic
626,Just wanted to say thank you to the volunteers at Old Town,Other/Irrelevant,Low,synthetic,keyword_tier_heuristic
627,"Kitchen fire at Kings Cross, child missing, please respond",Fire,High,synthetic,keyword_tier_heuristic
628,"Main road to Rosewood Lane blocked by debris, small crack in wall",Infrastructure,Low,synthetic,keyword_tier_heuristic
629,"Fire spreading fast near Station Road, a group of people gas leak",Fire,High,synthetic,keyword_tier_heuristic
630,"Someone collapsed at Rosewood Lane, gas leak, need doctor urgently",Medical,High,synthetic,keyword_tier_heuristic
631,Just wanted to say thank you to the volunteers at Sunrise Township,Other/Irrelevant,Low,synthetic,keyword_tier_heuristic
632,"Sharing an update, everything seems calm near Whitefield today",Other/Irrelevant,Low,synthetic,keyword_tier_heuristic
633,"Building buried under rubble at Central Market, smoke visible for miles",Fire,Critical,synthetic,keyword_tier_heuristic
634,"Need an ambulance at Sector 12, a group of people not breathing",Medical,Critical,synthetic,keyword_tier_heuristic
635,"Need food supplies delivered to Sunrise Township, roof caving in",Food,High,synthetic,keyword_tier_heuristic
636,"Temporary shelter overcrowded at Green Valley, buried under rubble",Shelter,Critical,synthetic,keyword_tier_heuristic
637,"my neighbor is injured near Palm Grove, please send medical help",Medical,High,synthetic,keyword_tier_heuristic
638,"Building feeling unwell at Sector 12, smoke visible for miles",Fire,Medium,synthetic,keyword_tier_heuristic
639,"Water supply cut off at Harbor District, power has been out, many households affected",Water,Medium,synthetic,keyword_tier_heuristic
640,"Fire spreading fast near East Ward, my father collapsed",Fire,Critical,synthetic,keyword_tier_heuristic
641,"Sharing an update, everything seems calm near Fairview Estate today same location as before",Other/Irrelevant,Low,synthetic,keyword_tier_heuristic
642,"Need food supplies delivered to Central Market, just checking in",Food,Low,synthetic,keyword_tier_heuristic
643,"Displaced families waiting outside Rosewood Lane, just checking in",Shelter,Low,synthetic,keyword_tier_heuristic
644,"Requesting tents and shelter material at East Ward, minor leak",Shelter,Low,synthetic,keyword_tier_heuristic
645,"Building gas leak at Riverside Colony, smoke visible for miles",Fire,High,synthetic,keyword_tier_heuristic
646,"Need food supplies delivered to Riverside Colony, smoke everywhere",Food,High,synthetic,keyword_tier_heuristic
647,"Need an ambulance at North Bridge, my whole family trapped",Medical,Critical,synthetic,keyword_tier_heuristic
648,"We are trapped by flood water near Millbrook, small crack in wall",Flood/Rescue,Low,synthetic,keyword_tier_heuristic
649,"Building severe pain at Palm Grove, smoke visible for miles",Fire,High,synthetic,keyword_tier_heuristic
650,"Sharing an update, everything seems calm near Rosewood Lane today",Other/Irrelevant,High,synthetic,keyword_tier_heuristic
651,"Random test message, please ignore, sent from Central Market",Other/Irrelevant,Low,synthetic,keyword_tier_heuristic
652,"Need water tanker sent to Marina Road, unconscious",Water,Critical,synthetic,keyword_tier_heuristic
653,"Main road to Green Valley blocked by debris, low on supplies",Infrastructure,Medium,synthetic,keyword_tier_heuristic
654,"Requesting ration kits for East Ward, water rising slowly",Food,Medium,synthetic,keyword_tier_heuristic
655,"No clean water available at Sector 12 for two days, power has been out",Water,Medium,synthetic,keyword_tier_heuristic
656,"Requesting ration kits for North Bridge, just checking in",Food,Low,synthetic,keyword_tier_heuristic
657,"Power lines down at North Bridge, when will help arrive",Infrastructure,Low,synthetic,keyword_tier_heuristic
658,Medical emergency at Fairview Estate - the shopkeeper non-urgent request,Medical,Low,synthetic,keyword_tier_heuristic
659,"Power lines down at Lakeview Apartments, smoke everywhere",Infrastructure,High,synthetic,keyword_tier_heuristic
660,"Communication tower near Palm Grove is down, requesting information",Infrastructure,Low,synthetic,keyword_tier_heuristic
661,"Need water tanker sent to Koramangala, needs help soon",Water,Medium,synthetic,keyword_tier_heuristic
662,"Requesting ration kits for Millbrook, when will help arrive",Food,Low,synthetic,keyword_tier_heuristic
663,"Homes destroyed near East Ward, families need shelter, non-urgent request",Shelter,Low,synthetic,keyword_tier_heuristic
664,"Requesting ration kits for Whitefield, rising water fast",Food,High,synthetic,keyword_tier_heuristic
665,"River overflowing near Millbrook, trapped, send rescue team",Flood/Rescue,Critical,synthetic,keyword_tier_heuristic
666,"Random test message, please ignore, sent from Fairview Estate",Other/Irrelevant,Critical,synthetic,keyword_tier_heuristic
667,"Fire spreading fast near Green Valley, an elderly woman bleeding heavily same location as before",Fire,Critical,synthetic,keyword_tier_heuristic
668,"my neighbor is gas leak near Palm Grove, please send medical help",Medical,High,synthetic,keyword_tier_heuristic
669,"Need an ambulance at Riverside Colony, an unknown man injured",Medical,High,synthetic,keyword_tier_heuristic
670,"We are trapped by flood water near Lakeview Apartments, child missing same location as before",Flood/Rescue,High,synthetic,keyword_tier_heuristic
671,Medical emergency at Kings Cross - the shopkeeper needs help soon,Medical,Medium,synthetic,keyword_tier_heuristic
672,"Communication tower near Fairview Estate is down, feeling unwell",Infrastructure,Medium,synthetic,keyword_tier_heuristic
673,"Families at Whitefield have run out of food, cannot move",Food,Critical,synthetic,keyword_tier_heuristic
674,"Communication tower near Harbor District is down, minor injury",Infrastructure,Medium,synthetic,keyword_tier_heuristic
675,"Random test message, please ignore, sent from Sector 12",Other/Irrelevant,Low,synthetic,keyword_tier_heuristic
676,"Drinking water contaminated at Riverside Colony, severe pain",Water,High,synthetic,keyword_tier_heuristic
677,Medical emergency at Lakeview Apartments - a child minor injury,Medical,Medium,synthetic,keyword_tier_heuristic
678,"We are trapped by flood water near Harbor District, injured",Flood/Rescue,High,synthetic,keyword_tier_heuristic
679,Medical emergency at Sector 12 - an unknown man road partially blocked same location as before,Medical,Medium,synthetic,keyword_tier_heuristic
680,"Need water tanker sent to Millbrook, collapsed",Water,Critical,synthetic,keyword_tier_heuristic
681,"Water levels rising water fast at East Ward, families are stranded",Flood/Rescue,High,synthetic,keyword_tier_heuristic
682,"Fire spreading fast near Fairview Estate, my whole family cannot move",Fire,Critical,synthetic,keyword_tier_heuristic
683,"Need water tanker sent to Millbrook, smoke everywhere",Water,High,synthetic,keyword_tier_heuristic
684,"Sharing an update, everything seems calm near Palm Grove today",Other/Irrelevant,Low,synthetic,keyword_tier_heuristic
685,"Random test message, please ignore, sent from Palm Grove",Other/Irrelevant,Low,synthetic,keyword_tier_heuristic
686,"Power lines down at Millbrook, road partially blocked",Infrastructure,Medium,synthetic,keyword_tier_heuristic
687,"Temporary shelter overcrowded at Fairview Estate, water rising slowly",Shelter,Medium,synthetic,keyword_tier_heuristic
688,"No food distribution has reached Station Road yet, child missing",Food,High,synthetic,keyword_tier_heuristic
689,"Fire reported at Station Road, on fire, need fire brigade immediately",Fire,Critical,synthetic,keyword_tier_heuristic
690,"Flooding at East Ward, my father collapsed, need boat rescue",Flood/Rescue,Critical,synthetic,keyword_tier_heuristic
691,"Water levels injured at Kings Cross, families are stranded",Flood/Rescue,High,synthetic,keyword_tier_heuristic
692,"No clean water available at Central Market for two days, just checking in",Water,Low,synthetic,keyword_tier_heuristic
693,"Random test message, please ignore, sent from Sector 12",Other/Irrelevant,Low,synthetic,keyword_tier_heuristic
694,"Communication tower near Kings Cross is down, just checking in",Infrastructure,Low,synthetic,keyword_tier_heuristic
695,"Families at Palm Grove have run out of food, feeling unwell same location as before",Food,Medium,synthetic,keyword_tier_heuristic
696,"No clean water available at Marina Road for two days, severe pain",Water,High,synthetic,keyword_tier_heuristic
697,Is there a helpline number for general questions about Hilltop Nagar?,Other/Irrelevant,Low,synthetic,keyword_tier_heuristic
698,"Requesting ration kits for Sector 12, water rising slowly",Food,Medium,synthetic,keyword_tier_heuristic
699,"We are trapped by flood water near Central Market, power has been out",Flood/Rescue,Medium,synthetic,keyword_tier_heuristic
700,Is there a helpline number for general questions about Green Valley?,Other/Irrelevant,Medium,synthetic,keyword_tier_heuristic
701,"We are trapped by flood water near Old Town, stranded",Flood/Rescue,High,synthetic,keyword_tier_heuristic
702,"Power lines down at Hilltop Nagar, low on supplies",Infrastructure,Medium,synthetic,keyword_tier_heuristic
703,"Homes destroyed near Palm Grove, families need shelter, roof caving in",Shelter,High,synthetic,keyword_tier_heuristic
704,Just wanted to say thank you to the volunteers at Kings Cross,Other/Irrelevant,Medium,synthetic,keyword_tier_heuristic
705,"Need an ambulance at Hilltop Nagar, my sister rising water fast",Medical,High,synthetic,keyword_tier_heuristic
706,Medical emergency at Sunrise Township - my father trapped,Medical,Critical,synthetic,keyword_tier_heuristic
707,"the shopkeeper is smoke everywhere near Palm Grove, please send medical help",Medical,High,synthetic,keyword_tier_heuristic
708,"No food distribution has reached Central Market yet, minor injury",Food,Medium,synthetic,keyword_tier_heuristic
709,"Flooding at Old Town, my sister elderly stuck, need boat rescue",Flood/Rescue,High,synthetic,keyword_tier_heuristic
710,"Homes destroyed near Central Market, families need shelter, water rising slowly",Shelter,Medium,synthetic,keyword_tier_heuristic
711,"Sharing an update, everything seems calm near Rosewood Lane today",Other/Irrelevant,Critical,synthetic,keyword_tier_heuristic
712,"Families at Rosewood Lane have run out of food, low on supplies",Food,Medium,synthetic,keyword_tier_heuristic
713,"We are trapped by flood water near Palm Grove, not breathing",Flood/Rescue,Critical,synthetic,keyword_tier_heuristic
714,"Sharing an update, everything seems calm near Sunrise Township today",Other/Irrelevant,Medium,synthetic,keyword_tier_heuristic
715,Medical emergency at Hilltop Nagar - the shopkeeper road partially blocked,Medical,Medium,synthetic,keyword_tier_heuristic
716,"Building cardiac arrest at Old Town, smoke visible for miles",Fire,Critical,synthetic,keyword_tier_heuristic
717,"Requesting ration kits for Rosewood Lane, power has been out",Food,Medium,synthetic,keyword_tier_heuristic
718,"Water levels needs help soon at Sector 12, families are stranded same location as before",Flood/Rescue,Medium,synthetic,keyword_tier_heuristic
719,"Bridge near Lakeview Apartments is damaged, road partially blocked, road unsafe",Infrastructure,Medium,synthetic,keyword_tier_heuristic
720,"Drinking water contaminated at Palm Grove, when will help arrive",Water,Low,synthetic,keyword_tier_heuristic
721,"Fire reported at Harbor District, roof caving in, need fire brigade immediately",Fire,High,synthetic,keyword_tier_heuristic
722,"Someone collapsed at Fairview Estate, stranded, need doctor urgently",Medical,High,synthetic,keyword_tier_heuristic
723,Just wanted to say thank you to the volunteers at Rosewood Lane,Other/Irrelevant,High,synthetic,keyword_tier_heuristic
724,"Fire spreading fast near Station Road, an unknown man on fire",Fire,Critical,synthetic,keyword_tier_heuristic
725,"Flooding at Rosewood Lane, my sister roof caving in, need boat rescue",Flood/Rescue,High,synthetic,keyword_tier_heuristic
726,"Need food supplies delivered to Whitefield, roof caving in",Food,High,synthetic,keyword_tier_heuristic
727,"No food distribution has reached Sunrise Township yet, feeling unwell",Food,Medium,synthetic,keyword_tier_heuristic
728,"Fire reported at Koramangala, buried under rubble, need fire brigade immediately",Fire,Critical,synthetic,keyword_tier_heuristic
729,"Water levels trapped at Central Market, families are stranded",Flood/Rescue,Critical,synthetic,keyword_tier_heuristic
730,Is there a helpline number for general questions about East Ward?,Other/Irrelevant,Medium,synthetic,keyword_tier_heuristic
731,"River overflowing near Hilltop Nagar, elderly stuck, send rescue team",Flood/Rescue,High,synthetic,keyword_tier_heuristic
732,"Bridge near Whitefield is damaged, roof caving in, road unsafe",Infrastructure,High,synthetic,keyword_tier_heuristic
733,"Power lines down at Central Market, drowning",Infrastructure,Critical,synthetic,keyword_tier_heuristic
734,"Homes destroyed near Whitefield, families need shelter, stranded",Shelter,High,synthetic,keyword_tier_heuristic
735,"Random test message, please ignore, sent from Sector 12",Other/Irrelevant,Low,synthetic,keyword_tier_heuristic
736,"No food distribution has reached Sunrise Township yet, not breathing",Food,Critical,synthetic,keyword_tier_heuristic
737,"Need an ambulance at Kings Cross, my father bleeding heavily",Medical,Critical,synthetic,keyword_tier_heuristic
738,"Kitchen fire at North Bridge, child missing, please respond",Fire,High,synthetic,keyword_tier_heuristic
739,"Fire spreading fast near Harbor District, the shopkeeper trapped",Fire,Critical,synthetic,keyword_tier_heuristic
740,"Fire spreading fast near Koramangala, a child stranded",Fire,High,synthetic,keyword_tier_heuristic
741,"No food distribution has reached Marina Road yet, low on supplies",Food,Medium,synthetic,keyword_tier_heuristic
742,"Requesting tents and shelter material at Palm Grove, injured",Shelter,High,synthetic,keyword_tier_heuristic
743,"Sharing an update, everything seems calm near Hilltop Nagar today",Other/Irrelevant,Low,synthetic,keyword_tier_heuristic
744,"Someone collapsed at Koramangala, road partially blocked, need doctor urgently",Medical,Medium,synthetic,keyword_tier_heuristic
745,"No clean water available at Sector 12 for two days, minor injury",Water,Medium,synthetic,keyword_tier_heuristic
746,Medical emergency at North Bridge - an unknown man drowning same location as before,Medical,Critical,synthetic,keyword_tier_heuristic
747,"Fire spreading fast near Palm Grove, the shopkeeper small crack in wall",Fire,Low,synthetic,keyword_tier_heuristic
748,"Water levels low on supplies at Kings Cross, families are stranded",Flood/Rescue,Medium,synthetic,keyword_tier_heuristic
749,"an unknown man is severe pain near Green Valley, please send medical help",Medical,High,synthetic,keyword_tier_heuristic
750,"River overflowing near Sector 12, smoke everywhere, send rescue team",Flood/Rescue,High,synthetic,keyword_tier_heuristic
751,"Kitchen fire at Whitefield, trapped, please respond",Fire,Critical,synthetic,keyword_tier_heuristic
752,"Communication tower near Riverside Colony is down, needs help soon",Infrastructure,Medium,synthetic,keyword_tier_heuristic
753,Medical emergency at Marina Road - the shopkeeper needs help soon,Medical,Medium,synthetic,keyword_tier_heuristic
754,"Fire spreading fast near Sector 12, my neighbor bleeding heavily",Fire,Critical,synthetic,keyword_tier_heuristic
755,"River overflowing near Sector 12, cardiac arrest, send rescue team",Flood/Rescue,Critical,synthetic,keyword_tier_heuristic
756,"a group of people is cannot move near Kings Cross, please send medical help",Medical,Critical,synthetic,keyword_tier_heuristic
757,Is there a helpline number for general questions about Green Valley?,Other/Irrelevant,Low,synthetic,keyword_tier_heuristic
758,"a child is not breathing near Sector 12, please send medical help same location as before",Medical,Critical,synthetic,keyword_tier_heuristic
759,"Drinking water contaminated at Central Market, just checking in",Water,Low,synthetic,keyword_tier_heuristic
760,"No clean water available at Koramangala for two days, cannot move",Water,Critical,synthetic,keyword_tier_heuristic
761,Just wanted to say thank you to the volunteers at Old Town,Other/Irrelevant,Low,synthetic,keyword_tier_heuristic
762,"Power lines down at Sector 12, elderly stuck",Infrastructure,High,synthetic,keyword_tier_heuristic
763,"Requesting tents and shelter material at Lakeview Apartments, needs help soon",Shelter,Medium,synthetic,keyword_tier_heuristic
764,"Sharing an update, everything seems calm near Fairview Estate today",Other/Irrelevant,Medium,synthetic,keyword_tier_heuristic
765,"Building rising water fast at North Bridge, smoke visible for miles",Fire,High,synthetic,keyword_tier_heuristic
766,"Sharing an update, everything seems calm near Sunrise Township today",Other/Irrelevant,Low,synthetic,keyword_tier_heuristic
767,"Requesting ration kits for Green Valley, power has been out same location as before",Food,Medium,synthetic,keyword_tier_heuristic
768,"Need food supplies delivered to Whitefield, low on supplies",Food,Medium,synthetic,keyword_tier_heuristic
769,"Communication tower near Marina Road is down, smoke everywhere",Infrastructure,High,synthetic,keyword_tier_heuristic
770,"Random test message, please ignore, sent from Sunrise Township",Other/Irrelevant,Low,synthetic,keyword_tier_heuristic
771,"Flooding at Koramangala, a group of people stranded, need boat rescue",Flood/Rescue,High,synthetic,keyword_tier_heuristic
772,"Bridge near Riverside Colony is damaged, small crack in wall, road unsafe",Infrastructure,Low,synthetic,keyword_tier_heuristic
773,"River overflowing near Riverside Colony, power has been out, send rescue team",Flood/Rescue,Medium,synthetic,keyword_tier_heuristic
774,"Fire reported at Central Market, smoke everywhere, need fire brigade immediately",Fire,High,synthetic,keyword_tier_heuristic
775,"Drinking water contaminated at Koramangala, small crack in wall",Water,Low,synthetic,keyword_tier_heuristic
776,"Flooding at Palm Grove, an unknown man injured, need boat rescue",Flood/Rescue,High,synthetic,keyword_tier_heuristic
777,"We are trapped by flood water near Sunrise Township, on fire",Flood/Rescue,Critical,synthetic,keyword_tier_heuristic
778,"Drinking water contaminated at Rosewood Lane, minor leak",Water,Low,synthetic,keyword_tier_heuristic
779,"Main road to Hilltop Nagar blocked by debris, elderly stuck",Infrastructure,High,synthetic,keyword_tier_heuristic
780,"Communication tower near Kings Cross is down, feeling unwell",Infrastructure,Medium,synthetic,keyword_tier_heuristic
781,"Fire reported at Rosewood Lane, minor injury, need fire brigade immediately",Fire,Medium,synthetic,keyword_tier_heuristic
782,"Fire reported at Sunrise Township, stranded, need fire brigade immediately",Fire,High,synthetic,keyword_tier_heuristic
783,"Building minor injury at Palm Grove, smoke visible for miles",Fire,Medium,synthetic,keyword_tier_heuristic
784,"Sharing an update, everything seems calm near Kings Cross today same location as before",Other/Irrelevant,Low,synthetic,keyword_tier_heuristic
785,"Flooding at Rosewood Lane, an elderly woman injured, need boat rescue",Flood/Rescue,High,synthetic,keyword_tier_heuristic
786,Just wanted to say thank you to the volunteers at Lakeview Apartments,Other/Irrelevant,Medium,synthetic,keyword_tier_heuristic
787,"Requesting tents and shelter material at Green Valley, water rising slowly",Shelter,Medium,synthetic,keyword_tier_heuristic
788,"Power lines down at Whitefield, rising water fast",Infrastructure,High,synthetic,keyword_tier_heuristic
789,Is there a helpline number for general questions about Marina Road?,Other/Irrelevant,Low,synthetic,keyword_tier_heuristic
790,"Main road to Palm Grove blocked by debris, road partially blocked",Infrastructure,Medium,synthetic,keyword_tier_heuristic
791,"We are trapped by flood water near Sunrise Township, water rising slowly",Flood/Rescue,Medium,synthetic,keyword_tier_heuristic
792,"Main road to Millbrook blocked by debris, minor leak",Infrastructure,Low,synthetic,keyword_tier_heuristic
793,"Temporary shelter overcrowded at Green Valley, water rising slowly",Shelter,Medium,synthetic,keyword_tier_heuristic
794,"Bridge near Palm Grove is damaged, general inquiry, road unsafe",Infrastructure,Low,synthetic,keyword_tier_heuristic
795,"Sharing an update, everything seems calm near Koramangala today",Other/Irrelevant,High,synthetic,keyword_tier_heuristic
796,"Someone collapsed at Sunrise Township, rising water fast, need doctor urgently",Medical,High,synthetic,keyword_tier_heuristic
797,"Flooding at Hilltop Nagar, the shopkeeper buried under rubble, need boat rescue",Flood/Rescue,Critical,synthetic,keyword_tier_heuristic
798,"Fire reported at Millbrook, needs help soon, need fire brigade immediately",Fire,Medium,synthetic,keyword_tier_heuristic
799,Medical emergency at North Bridge - my father rising water fast,Medical,High,synthetic,keyword_tier_heuristic
800,"We are trapped by flood water near North Bridge, elderly stuck",Flood/Rescue,High,synthetic,keyword_tier_heuristic
801,"Bridge near East Ward is damaged, elderly stuck, road unsafe",Infrastructure,High,synthetic,keyword_tier_heuristic
802,"Need an ambulance at Palm Grove, a group of people on fire same location as before",Medical,Critical,synthetic,keyword_tier_heuristic
803,"Kitchen fire at Station Road, bleeding heavily, please respond",Fire,Critical,synthetic,keyword_tier_heuristic
804,"Need water tanker sent to Green Valley, road partially blocked",Water,Medium,synthetic,keyword_tier_heuristic
805,"Random test message, please ignore, sent from Kings Cross",Other/Irrelevant,Medium,synthetic,keyword_tier_heuristic
806,"an elderly woman is collapsed near Sector 12, please send medical help",Medical,Critical,synthetic,keyword_tier_heuristic
807,"Random test message, please ignore, sent from North Bridge",Other/Irrelevant,Medium,synthetic,keyword_tier_heuristic
808,"River overflowing near Palm Grove, buried under rubble, send rescue team",Flood/Rescue,Critical,synthetic,keyword_tier_heuristic
809,"Requesting tents and shelter material at Whitefield, cardiac arrest",Shelter,Critical,synthetic,keyword_tier_heuristic
810,"Drinking water contaminated at Koramangala, unconscious",Water,Critical,synthetic,keyword_tier_heuristic
811,"Need water tanker sent to Sunrise Township, water rising slowly",Water,Medium,synthetic,keyword_tier_heuristic
812,"Need an ambulance at Harbor District, an unknown man not breathing same location as before",Medical,Critical,synthetic,keyword_tier_heuristic
813,"Requesting ration kits for Harbor District, when will help arrive",Food,Low,synthetic,keyword_tier_heuristic
814,"Homes destroyed near Old Town, families need shelter, rising water fast",Shelter,High,synthetic,keyword_tier_heuristic
815,Just wanted to say thank you to the volunteers at Station Road,Other/Irrelevant,Low,synthetic,keyword_tier_heuristic
816,"Displaced families waiting outside Harbor District, requesting information",Shelter,Low,synthetic,keyword_tier_heuristic
817,"Water supply cut off at Palm Grove, drowning, many households affected",Water,Critical,synthetic,keyword_tier_heuristic
818,"Building general inquiry at Whitefield, smoke visible for miles",Fire,Low,synthetic,keyword_tier_heuristic
819,"We are trapped by flood water near Riverside Colony, cannot move",Flood/Rescue,Critical,synthetic,keyword_tier_heuristic
820,"Drinking water contaminated at Fairview Estate, severe pain",Water,High,synthetic,keyword_tier_heuristic
821,"Bridge near Lakeview Apartments is damaged, child missing, road unsafe",Infrastructure,High,synthetic,keyword_tier_heuristic
822,"River overflowing near North Bridge, rising water fast, send rescue team",Flood/Rescue,High,synthetic,keyword_tier_heuristic
823,"Power lines down at Riverside Colony, minor injury",Infrastructure,Medium,synthetic,keyword_tier_heuristic
824,"No food distribution has reached Green Valley yet, requesting information",Food,Low,synthetic,keyword_tier_heuristic
825,"an unknown man is road partially blocked near Sector 12, please send medical help",Medical,Medium,synthetic,keyword_tier_heuristic
826,"Someone collapsed at Sunrise Township, small crack in wall, need doctor urgently",Medical,Low,synthetic,keyword_tier_heuristic
827,"River overflowing near Harbor District, roof caving in, send rescue team",Flood/Rescue,High,synthetic,keyword_tier_heuristic
828,"Communication tower near Marina Road is down, collapsed",Infrastructure,Critical,synthetic,keyword_tier_heuristic
829,"No clean water available at Hilltop Nagar for two days, feeling unwell",Water,Medium,synthetic,keyword_tier_heuristic
830,"Requesting ration kits for Harbor District, roof caving in",Food,High,synthetic,keyword_tier_heuristic
831,"We are trapped by flood water near Station Road, feeling unwell",Flood/Rescue,Medium,synthetic,keyword_tier_heuristic
832,"Kitchen fire at Old Town, drowning, please respond same location as before",Fire,Critical,synthetic,keyword_tier_heuristic
833,"River overflowing near Marina Road, trapped, send rescue team",Flood/Rescue,Critical,synthetic,keyword_tier_heuristic
834,"Need water tanker sent to Harbor District, injured",Water,High,synthetic,keyword_tier_heuristic
835,Medical emergency at Harbor District - a child not breathing,Medical,Critical,synthetic,keyword_tier_heuristic
836,"Power lines down at Green Valley, needs help soon",Infrastructure,Medium,synthetic,keyword_tier_heuristic
837,"Fire reported at Fairview Estate, buried under rubble, need fire brigade immediately",Fire,Critical,synthetic,keyword_tier_heuristic
838,Is there a helpline number for general questions about Riverside Colony?,Other/Irrelevant,Low,synthetic,keyword_tier_heuristic
839,"Drinking water contaminated at Hilltop Nagar, child missing",Water,High,synthetic,keyword_tier_heuristic
840,"Families at Green Valley have run out of food, severe pain",Food,High,synthetic,keyword_tier_heuristic
841,"Requesting tents and shelter material at Koramangala, cannot move",Shelter,Critical,synthetic,keyword_tier_heuristic
842,"Need food supplies delivered to Koramangala, power has been out",Food,Medium,synthetic,keyword_tier_heuristic
843,"Requesting ration kits for Central Market, general inquiry",Food,Low,synthetic,keyword_tier_heuristic
844,"Power lines down at Marina Road, small crack in wall",Infrastructure,Low,synthetic,keyword_tier_heuristic
845,"Families at Old Town have run out of food, power has been out",Food,Medium,synthetic,keyword_tier_heuristic
846,Medical emergency at Marina Road - my father power has been out,Medical,Medium,synthetic,keyword_tier_heuristic
847,"Flooding at Central Market, my sister water rising slowly, need boat rescue",Flood/Rescue,Medium,synthetic,keyword_tier_heuristic
848,"Drinking water contaminated at Palm Grove, gas leak",Water,High,synthetic,keyword_tier_heuristic
849,"a group of people is small crack in wall near Station Road, please send medical help",Medical,Low,synthetic,keyword_tier_heuristic
850,"We are trapped by flood water near Riverside Colony, water rising slowly",Flood/Rescue,Medium,synthetic,keyword_tier_heuristic
851,"Building general inquiry at Sector 12, smoke visible for miles",Fire,Low,synthetic,keyword_tier_heuristic
852,Medical emergency at Whitefield - a child power has been out,Medical,Medium,synthetic,keyword_tier_heuristic
853,"Power lines down at Millbrook, gas leak",Infrastructure,High,synthetic,keyword_tier_heuristic
854,"Someone collapsed at Whitefield, road partially blocked, need doctor urgently",Medical,Medium,synthetic,keyword_tier_heuristic
855,"We are trapped by flood water near East Ward, bleeding heavily",Flood/Rescue,Critical,synthetic,keyword_tier_heuristic
856,"Someone collapsed at North Bridge, elderly stuck, need doctor urgently",Medical,High,synthetic,keyword_tier_heuristic
857,"Flooding at Riverside Colony, my whole family road partially blocked, need boat rescue",Flood/Rescue,Medium,synthetic,keyword_tier_heuristic
858,"Flooding at Rosewood Lane, my whole family injured, need boat rescue",Flood/Rescue,High,synthetic,keyword_tier_heuristic
859,"Need an ambulance at Station Road, my neighbor child missing",Medical,High,synthetic,keyword_tier_heuristic
860,"Power lines down at Palm Grove, non-urgent request",Infrastructure,Low,synthetic,keyword_tier_heuristic
861,"Water supply cut off at Hilltop Nagar, trapped, many households affected",Water,Critical,synthetic,keyword_tier_heuristic
862,"Need food supplies delivered to Rosewood Lane, road partially blocked",Food,Medium,synthetic,keyword_tier_heuristic
863,"Need an ambulance at Sunrise Township, my neighbor cannot move",Medical,Critical,synthetic,keyword_tier_heuristic
864,"Need water tanker sent to Station Road, road partially blocked",Water,Medium,synthetic,keyword_tier_heuristic
865,Just wanted to say thank you to the volunteers at Harbor District,Other/Irrelevant,Medium,synthetic,keyword_tier_heuristic
866,"Need water tanker sent to East Ward, requesting information",Water,Low,synthetic,keyword_tier_heuristic
867,"Homes destroyed near Sector 12, families need shelter, low on supplies",Shelter,Medium,synthetic,keyword_tier_heuristic
868,"a group of people is child missing near Harbor District, please send medical help",Medical,High,synthetic,keyword_tier_heuristic
869,Just wanted to say thank you to the volunteers at Kings Cross,Other/Irrelevant,Medium,synthetic,keyword_tier_heuristic
870,"Fire reported at North Bridge, stranded, need fire brigade immediately",Fire,High,synthetic,keyword_tier_heuristic
871,"River overflowing near Rosewood Lane, on fire, send rescue team",Flood/Rescue,Critical,synthetic,keyword_tier_heuristic
872,"Homes destroyed near North Bridge, families need shelter, stranded",Shelter,High,synthetic,keyword_tier_heuristic
873,"Bridge near Riverside Colony is damaged, stranded, road unsafe",Infrastructure,High,synthetic,keyword_tier_heuristic
874,"Main road to Koramangala blocked by debris, needs help soon",Infrastructure,Medium,synthetic,keyword_tier_heuristic
875,Medical emergency at Rosewood Lane - the shopkeeper minor injury same location as before,Medical,Medium,synthetic,keyword_tier_heuristic
876,"Building elderly stuck at East Ward, smoke visible for miles",Fire,High,synthetic,keyword_tier_heuristic
877,"Displaced families waiting outside Fairview Estate, not breathing",Shelter,Critical,synthetic,keyword_tier_heuristic
878,"Power lines down at Millbrook, minor leak",Infrastructure,Low,synthetic,keyword_tier_heuristic
879,"Requesting ration kits for North Bridge, water rising slowly",Food,Medium,synthetic,keyword_tier_heuristic
880,"Kitchen fire at Millbrook, buried under rubble, please respond",Fire,Critical,synthetic,keyword_tier_heuristic
881,"Communication tower near Station Road is down, low on supplies",Infrastructure,Medium,synthetic,keyword_tier_heuristic
882,"Requesting ration kits for Station Road, gas leak",Food,High,synthetic,keyword_tier_heuristic
883,"Random test message, please ignore, sent from Kings Cross",Other/Irrelevant,Medium,synthetic,keyword_tier_heuristic
884,"No clean water available at Riverside Colony for two days, elderly stuck",Water,High,synthetic,keyword_tier_heuristic
885,"Power lines down at Koramangala, requesting information",Infrastructure,Low,synthetic,keyword_tier_heuristic
886,"a group of people is cardiac arrest near Sector 12, please send medical help",Medical,Critical,synthetic,keyword_tier_heuristic
887,Is there a helpline number for general questions about Fairview Estate?,Other/Irrelevant,Medium,synthetic,keyword_tier_heuristic
888,"Someone collapsed at Sector 12, water rising slowly, need doctor urgently",Medical,Medium,synthetic,keyword_tier_heuristic
889,"Need food supplies delivered to Hilltop Nagar, general inquiry",Food,Low,synthetic,keyword_tier_heuristic
890,Is there a helpline number for general questions about Millbrook?,Other/Irrelevant,Low,synthetic,keyword_tier_heuristic
891,"Sharing an update, everything seems calm near Kings Cross today",Other/Irrelevant,Low,synthetic,keyword_tier_heuristic
892,"Need an ambulance at Old Town, a child gas leak",Medical,High,synthetic,keyword_tier_heuristic
893,"River overflowing near Green Valley, roof caving in, send rescue team",Flood/Rescue,High,synthetic,keyword_tier_heuristic
894,"No food distribution has reached Fairview Estate yet, drowning",Food,Critical,synthetic,keyword_tier_heuristic
895,"Flooding at Riverside Colony, the shopkeeper needs help soon, need boat rescue",Flood/Rescue,Medium,synthetic,keyword_tier_heuristic
896,"Fire spreading fast near Millbrook, my neighbor drowning",Fire,Critical,synthetic,keyword_tier_heuristic
897,"Temporary shelter overcrowded at Old Town, requesting information",Shelter,Low,synthetic,keyword_tier_heuristic
898,"Water supply cut off at Millbrook, gas leak, many households affected",Water,High,synthetic,keyword_tier_heuristic
899,"No clean water available at Old Town for two days, general inquiry",Water,Low,synthetic,keyword_tier_heuristic
900,"Need an ambulance at Koramangala, an unknown man minor injury",Medical,Medium,synthetic,keyword_tier_heuristic
901,"Bridge near Rosewood Lane is damaged, water rising slowly, road unsafe",Infrastructure,Medium,synthetic,keyword_tier_heuristic
902,"Temporary shelter overcrowded at Harbor District, rising water fast",Shelter,High,synthetic,keyword_tier_heuristic
903,"my neighbor is stranded near Old Town, please send medical help",Medical,High,synthetic,keyword_tier_heuristic
904,"Homes destroyed near Lakeview Apartments, families need shelter, non-urgent request",Shelter,Low,synthetic,keyword_tier_heuristic
905,"Building collapsed at Hilltop Nagar, smoke visible for miles same location as before",Fire,Critical,synthetic,keyword_tier_heuristic
906,Medical emergency at Kings Cross - an unknown man cannot move,Medical,Critical,synthetic,keyword_tier_heuristic
907,"Families at East Ward have run out of food, gas leak",Food,High,synthetic,keyword_tier_heuristic
908,Medical emergency at Sector 12 - my sister gas leak,Medical,High,synthetic,keyword_tier_heuristic
909,"River overflowing near Sector 12, unconscious, send rescue team",Flood/Rescue,Critical,synthetic,keyword_tier_heuristic
910,"Homes destroyed near Hilltop Nagar, families need shelter, stranded",Shelter,High,synthetic,keyword_tier_heuristic
911,"Someone collapsed at Fairview Estate, not breathing, need doctor urgently",Medical,Critical,synthetic,keyword_tier_heuristic
912,"Communication tower near Sector 12 is down, non-urgent request",Infrastructure,Low,synthetic,keyword_tier_heuristic
913,"Kitchen fire at Sunrise Township, child missing, please respond",Fire,High,synthetic,keyword_tier_heuristic
914,"Someone collapsed at Riverside Colony, cardiac arrest, need doctor urgently",Medical,Critical,synthetic,keyword_tier_heuristic
915,Just wanted to say thank you to the volunteers at Palm Grove,Other/Irrelevant,Low,synthetic,keyword_tier_heuristic
916,"Kitchen fire at Kings Cross, general inquiry, please respond",Fire,Low,synthetic,keyword_tier_heuristic
917,"Communication tower near Marina Road is down, child missing",Infrastructure,High,synthetic,keyword_tier_heuristic
918,"Flooding at Harbor District, the shopkeeper bleeding heavily, need boat rescue",Flood/Rescue,Critical,synthetic,keyword_tier_heuristic
919,"Main road to Central Market blocked by debris, smoke everywhere",Infrastructure,High,synthetic,keyword_tier_heuristic
920,"Someone collapsed at Sector 12, on fire, need doctor urgently",Medical,Critical,synthetic,keyword_tier_heuristic
921,Medical emergency at Central Market - my neighbor stranded,Medical,High,synthetic,keyword_tier_heuristic
922,"Need water tanker sent to Harbor District, smoke everywhere",Water,High,synthetic,keyword_tier_heuristic
923,"Families at Hilltop Nagar have run out of food, cannot move",Food,Critical,synthetic,keyword_tier_heuristic
924,"the shopkeeper is collapsed near Rosewood Lane, please send medical help",Medical,Critical,synthetic,keyword_tier_heuristic
925,"Someone collapsed at Green Valley, trapped, need doctor urgently",Medical,Critical,synthetic,keyword_tier_heuristic
926,"Power lines down at Millbrook, gas leak same location as before",Infrastructure,High,synthetic,keyword_tier_heuristic
927,Medical emergency at Sector 12 - my father not breathing,Medical,Critical,synthetic,keyword_tier_heuristic
928,"Power lines down at Riverside Colony, minor injury",Infrastructure,Medium,synthetic,keyword_tier_heuristic
929,"Building buried under rubble at Central Market, smoke visible for miles",Fire,Critical,synthetic,keyword_tier_heuristic
930,"Drinking water contaminated at Green Valley, just checking in",Water,Low,synthetic,keyword_tier_heuristic
931,"Building rising water fast at Old Town, smoke visible for miles",Fire,High,synthetic,keyword_tier_heuristic
932,"Someone collapsed at Lakeview Apartments, low on supplies, need doctor urgently",Medical,Medium,synthetic,keyword_tier_heuristic
933,"River overflowing near Central Market, injured, send rescue team",Flood/Rescue,High,synthetic,keyword_tier_heuristic
934,"Water levels roof caving in at Palm Grove, families are stranded",Flood/Rescue,High,synthetic,keyword_tier_heuristic
935,"Building on fire at East Ward, smoke visible for miles",Fire,Critical,synthetic,keyword_tier_heuristic
936,"No clean water available at Sector 12 for two days, water rising slowly",Water,Medium,synthetic,keyword_tier_heuristic
937,"No clean water available at East Ward for two days, low on supplies",Water,Medium,synthetic,keyword_tier_heuristic
938,"River overflowing near North Bridge, buried under rubble, send rescue team",Flood/Rescue,Critical,synthetic,keyword_tier_heuristic
939,"Temporary shelter overcrowded at Central Market, trapped",Shelter,Critical,synthetic,keyword_tier_heuristic
940,"Need water tanker sent to Rosewood Lane, bleeding heavily",Water,Critical,synthetic,keyword_tier_heuristic
941,"Need an ambulance at Central Market, a group of people stranded",Medical,High,synthetic,keyword_tier_heuristic
942,"Drinking water contaminated at Hilltop Nagar, non-urgent request",Water,Low,synthetic,keyword_tier_heuristic
943,"Random test message, please ignore, sent from Green Valley same location as before",Other/Irrelevant,Low,synthetic,keyword_tier_heuristic
944,"Requesting ration kits for Hilltop Nagar, when will help arrive",Food,Low,synthetic,keyword_tier_heuristic
945,"Sharing an update, everything seems calm near Central Market today",Other/Irrelevant,Low,synthetic,keyword_tier_heuristic
946,"Main road to Old Town blocked by debris, rising water fast",Infrastructure,High,synthetic,keyword_tier_heuristic
947,"Kitchen fire at Palm Grove, unconscious, please respond",Fire,Critical,synthetic,keyword_tier_heuristic
948,"Need an ambulance at Central Market, my sister road partially blocked",Medical,Medium,synthetic,keyword_tier_heuristic
949,"Fire reported at Koramangala, injured, need fire brigade immediately",Fire,High,synthetic,keyword_tier_heuristic
950,"my neighbor is minor injury near North Bridge, please send medical help",Medical,Medium,synthetic,keyword_tier_heuristic
951,"Sharing an update, everything seems calm near Station Road today",Other/Irrelevant,Low,synthetic,keyword_tier_heuristic
952,"Water supply cut off at Sunrise Township, minor leak, many households affected",Water,Low,synthetic,keyword_tier_heuristic
953,"Temporary shelter overcrowded at Lakeview Apartments, when will help arrive",Shelter,Low,synthetic,keyword_tier_heuristic
954,"We are trapped by flood water near Lakeview Apartments, needs help soon",Flood/Rescue,Medium,synthetic,keyword_tier_heuristic
955,Just wanted to say thank you to the volunteers at East Ward,Other/Irrelevant,Low,synthetic,keyword_tier_heuristic
956,"Water supply cut off at Riverside Colony, stranded, many households affected",Water,High,synthetic,keyword_tier_heuristic
957,"Water levels collapsed at Harbor District, families are stranded",Flood/Rescue,Critical,synthetic,keyword_tier_heuristic
958,Is there a helpline number for general questions about Kings Cross?,Other/Irrelevant,High,synthetic,keyword_tier_heuristic
959,Just wanted to say thank you to the volunteers at East Ward,Other/Irrelevant,Low,synthetic,keyword_tier_heuristic
960,"Communication tower near Hilltop Nagar is down, rising water fast",Infrastructure,High,synthetic,keyword_tier_heuristic
961,"Need water tanker sent to Old Town, minor injury",Water,Medium,synthetic,keyword_tier_heuristic
962,"Families at Fairview Estate have run out of food, low on supplies",Food,Medium,synthetic,keyword_tier_heuristic
963,"Need food supplies delivered to Central Market, when will help arrive",Food,Low,synthetic,keyword_tier_heuristic
964,"Flooding at Kings Cross, my sister water rising slowly, need boat rescue",Flood/Rescue,Medium,synthetic,keyword_tier_heuristic
965,"Flooding at Koramangala, my sister general inquiry, need boat rescue",Flood/Rescue,Low,synthetic,keyword_tier_heuristic
966,"Sharing an update, everything seems calm near Sunrise Township today",Other/Irrelevant,Low,synthetic,keyword_tier_heuristic
967,"Random test message, please ignore, sent from Rosewood Lane",Other/Irrelevant,Low,synthetic,keyword_tier_heuristic
968,"We are trapped by flood water near Sector 12, gas leak",Flood/Rescue,High,synthetic,keyword_tier_heuristic
969,"We are trapped by flood water near Sunrise Township, cannot move",Flood/Rescue,Critical,synthetic,keyword_tier_heuristic
970,"Fire reported at Lakeview Apartments, non-urgent request, need fire brigade immediately same location as before",Fire,Low,synthetic,keyword_tier_heuristic
971,"Displaced families waiting outside Rosewood Lane, drowning",Shelter,Critical,synthetic,keyword_tier_heuristic
972,"Need an ambulance at Palm Grove, an elderly woman elderly stuck",Medical,High,synthetic,keyword_tier_heuristic
973,"Communication tower near Whitefield is down, road partially blocked",Infrastructure,Medium,synthetic,keyword_tier_heuristic
974,"Families at Central Market have run out of food, minor leak",Food,Low,synthetic,keyword_tier_heuristic
975,"River overflowing near Rosewood Lane, bleeding heavily, send rescue team",Flood/Rescue,Critical,synthetic,keyword_tier_heuristic
976,"Bridge near North Bridge is damaged, collapsed, road unsafe",Infrastructure,Critical,synthetic,keyword_tier_heuristic
977,"Bridge near Green Valley is damaged, child missing, road unsafe",Infrastructure,High,synthetic,keyword_tier_heuristic
978,"Need an ambulance at Sunrise Township, my sister gas leak",Medical,High,synthetic,keyword_tier_heuristic
979,"my neighbor is collapsed near Fairview Estate, please send medical help",Medical,Critical,synthetic,keyword_tier_heuristic
980,"Random test message, please ignore, sent from Sunrise Township",Other/Irrelevant,Medium,synthetic,keyword_tier_heuristic
981,"my father is trapped near Riverside Colony, please send medical help",Medical,Critical,synthetic,keyword_tier_heuristic
982,"No food distribution has reached Rosewood Lane yet, stranded",Food,High,synthetic,keyword_tier_heuristic
983,"Bridge near North Bridge is damaged, rising water fast, road unsafe",Infrastructure,High,synthetic,keyword_tier_heuristic
984,"Random test message, please ignore, sent from Rosewood Lane",Other/Irrelevant,Low,synthetic,keyword_tier_heuristic
985,"Building severe pain at Green Valley, smoke visible for miles",Fire,High,synthetic,keyword_tier_heuristic
986,"Fire reported at Millbrook, bleeding heavily, need fire brigade immediately",Fire,Critical,synthetic,keyword_tier_heuristic
987,"Families at Koramangala have run out of food, power has been out",Food,Medium,synthetic,keyword_tier_heuristic
988,"Need food supplies delivered to Riverside Colony, when will help arrive",Food,Low,synthetic,keyword_tier_heuristic
989,"Displaced families waiting outside Harbor District, bleeding heavily",Shelter,Critical,synthetic,keyword_tier_heuristic
990,"Bridge near North Bridge is damaged, minor leak, road unsafe",Infrastructure,Low,synthetic,keyword_tier_heuristic
991,"my father is unconscious near Lakeview Apartments, please send medical help",Medical,Critical,synthetic,keyword_tier_heuristic
992,"Drinking water contaminated at East Ward, non-urgent request same location as before",Water,Low,synthetic,keyword_tier_heuristic
993,"Fire spreading fast near Sunrise Township, an elderly woman bleeding heavily same location as before",Fire,Critical,synthetic,keyword_tier_heuristic
994,"an elderly woman is not breathing near Station Road, please send medical help",Medical,Critical,synthetic,keyword_tier_heuristic
995,"Need an ambulance at Millbrook, my father cardiac arrest",Medical,Critical,synthetic,keyword_tier_heuristic
996,"Need an ambulance at Rosewood Lane, the shopkeeper water rising slowly",Medical,Medium,synthetic,keyword_tier_heuristic
997,"a group of people is power has been out near Whitefield, please send medical help",Medical,Medium,synthetic,keyword_tier_heuristic
998,"Fire spreading fast near Sector 12, my sister injured",Fire,High,synthetic,keyword_tier_heuristic
999,"Homes destroyed near Green Valley, families need shelter, drowning",Shelter,Critical,synthetic,keyword_tier_heuristic
1000,"Requesting ration kits for Green Valley, not breathing",Food,Critical,synthetic,keyword_tier_heuristic
1001,"Someone collapsed at Palm Grove, smoke everywhere, need doctor urgently same location as before",Medical,High,synthetic,keyword_tier_heuristic
1002,"Main road to Green Valley blocked by debris, water rising slowly",Infrastructure,Medium,synthetic,keyword_tier_heuristic
1003,"Main road to East Ward blocked by debris, low on supplies",Infrastructure,Medium,synthetic,keyword_tier_heuristic
1004,"Kitchen fire at Palm Grove, rising water fast, please respond",Fire,High,synthetic,keyword_tier_heuristic
1005,"Families at Whitefield have run out of food, small crack in wall",Food,Low,synthetic,keyword_tier_heuristic
1006,"Water supply cut off at Marina Road, general inquiry, many households affected",Water,Low,synthetic,keyword_tier_heuristic
1007,"Requesting ration kits for Station Road, severe pain",Food,High,synthetic,keyword_tier_heuristic
1008,"Need water tanker sent to Riverside Colony, needs help soon",Water,Medium,synthetic,keyword_tier_heuristic
1009,"Random test message, please ignore, sent from Fairview Estate",Other/Irrelevant,Low,synthetic,keyword_tier_heuristic
1010,"Need water tanker sent to Sector 12, bleeding heavily",Water,Critical,synthetic,keyword_tier_heuristic
1011,"Bridge near Rosewood Lane is damaged, buried under rubble, road unsafe",Infrastructure,Critical,synthetic,keyword_tier_heuristic
1012,"Power lines down at Millbrook, gas leak",Infrastructure,High,synthetic,keyword_tier_heuristic
1013,"Main road to Whitefield blocked by debris, minor leak",Infrastructure,Low,synthetic,keyword_tier_heuristic
1014,"Homes destroyed near Sector 12, families need shelter, injured",Shelter,High,synthetic,keyword_tier_heuristic
1015,"Fire reported at Green Valley, bleeding heavily, need fire brigade immediately",Fire,Critical,synthetic,keyword_tier_heuristic
1016,"Random test message, please ignore, sent from Harbor District",Other/Irrelevant,Low,synthetic,keyword_tier_heuristic
1017,"Requesting tents and shelter material at Palm Grove, rising water fast",Shelter,High,synthetic,keyword_tier_heuristic
1018,"Communication tower near Sector 12 is down, road partially blocked",Infrastructure,Medium,synthetic,keyword_tier_heuristic
1019,Medical emergency at Harbor District - an unknown man severe pain,Medical,High,synthetic,keyword_tier_heuristic
1020,"Requesting ration kits for Green Valley, child missing",Food,High,synthetic,keyword_tier_heuristic
1021,"Displaced families waiting outside Rosewood Lane, smoke everywhere",Shelter,High,synthetic,keyword_tier_heuristic
1022,"Temporary shelter overcrowded at Station Road, on fire",Shelter,Critical,synthetic,keyword_tier_heuristic
1023,"Families at East Ward have run out of food, water rising slowly",Food,Medium,synthetic,keyword_tier_heuristic
1024,"Homes destroyed near Lakeview Apartments, families need shelter, requesting information",Shelter,Low,synthetic,keyword_tier_heuristic
1025,"Need water tanker sent to Sector 12, minor injury",Water,Medium,synthetic,keyword_tier_heuristic
1026,"Need an ambulance at Old Town, an unknown man low on supplies",Medical,Medium,synthetic,keyword_tier_heuristic
1027,"Water supply cut off at Kings Cross, power has been out, many households affected",Water,Medium,synthetic,keyword_tier_heuristic
1028,"Temporary shelter overcrowded at Kings Cross, power has been out",Shelter,Medium,synthetic,keyword_tier_heuristic
1029,"We are trapped by flood water near Station Road, bleeding heavily",Flood/Rescue,Critical,synthetic,keyword_tier_heuristic
1030,Medical emergency at Sunrise Township - my whole family smoke everywhere,Medical,High,synthetic,keyword_tier_heuristic
1031,"Flooding at Lakeview Apartments, an unknown man severe pain, need boat rescue",Flood/Rescue,High,synthetic,keyword_tier_heuristic
1032,"Communication tower near Millbrook is down, power has been out",Infrastructure,Medium,synthetic,keyword_tier_heuristic
1033,"Random test message, please ignore, sent from East Ward",Other/Irrelevant,Low,synthetic,keyword_tier_heuristic
1034,Medical emergency at Koramangala - an unknown man child missing same location as before,Medical,High,synthetic,keyword_tier_heuristic
1035,"Communication tower near Kings Cross is down, non-urgent request",Infrastructure,Low,synthetic,keyword_tier_heuristic
1036,"Temporary shelter overcrowded at Whitefield, roof caving in",Shelter,High,synthetic,keyword_tier_heuristic
1037,"Need an ambulance at Hilltop Nagar, a child cardiac arrest",Medical,Critical,synthetic,keyword_tier_heuristic
1038,"Building stranded at Sector 12, smoke visible for miles",Fire,High,synthetic,keyword_tier_heuristic
1039,"Requesting ration kits for Koramangala, feeling unwell",Food,Medium,synthetic,keyword_tier_heuristic
1040,"River overflowing near Whitefield, not breathing, send rescue team",Flood/Rescue,Critical,synthetic,keyword_tier_heuristic
1041,"Water supply cut off at Kings Cross, gas leak, many households affected",Water,High,synthetic,keyword_tier_heuristic
1042,"We are trapped by flood water near Kings Cross, trapped",Flood/Rescue,Critical,synthetic,keyword_tier_heuristic
1043,"Need water tanker sent to North Bridge, bleeding heavily",Water,Critical,synthetic,keyword_tier_heuristic
1044,"Need water tanker sent to Sector 12, feeling unwell",Water,Medium,synthetic,keyword_tier_heuristic
1045,Just wanted to say thank you to the volunteers at Whitefield,Other/Irrelevant,Medium,synthetic,keyword_tier_heuristic
1046,"Requesting tents and shelter material at Harbor District, low on supplies",Shelter,Medium,synthetic,keyword_tier_heuristic
1047,"Kitchen fire at Hilltop Nagar, elderly stuck, please respond",Fire,High,synthetic,keyword_tier_heuristic
1048,"Building elderly stuck at Palm Grove, smoke visible for miles same location as before",Fire,High,synthetic,keyword_tier_heuristic
1049,"Drinking water contaminated at East Ward, non-urgent request",Water,Low,synthetic,keyword_tier_heuristic
1050,"Kitchen fire at East Ward, buried under rubble, please respond",Fire,Critical,synthetic,keyword_tier_heuristic
1051,"No food distribution has reached Marina Road yet, minor leak",Food,Low,synthetic,keyword_tier_heuristic
1052,"Sharing an update, everything seems calm near Koramangala today",Other/Irrelevant,Low,synthetic,keyword_tier_heuristic
1053,"Drinking water contaminated at Koramangala, power has been out",Water,Medium,synthetic,keyword_tier_heuristic
1054,"No food distribution has reached North Bridge yet, road partially blocked",Food,Medium,synthetic,keyword_tier_heuristic
1055,"Fire spreading fast near Palm Grove, my neighbor gas leak",Fire,High,synthetic,keyword_tier_heuristic
1056,"Need food supplies delivered to Millbrook, road partially blocked",Food,Medium,synthetic,keyword_tier_heuristic
1057,"Displaced families waiting outside Central Market, power has been out",Shelter,Medium,synthetic,keyword_tier_heuristic
1058,"Homes destroyed near Sunrise Township, families need shelter, power has been out",Shelter,Medium,synthetic,keyword_tier_heuristic
1059,"Homes destroyed near Sunrise Township, families need shelter, low on supplies",Shelter,Medium,synthetic,keyword_tier_heuristic
1060,"Water levels bleeding heavily at Old Town, families are stranded",Flood/Rescue,Critical,synthetic,keyword_tier_heuristic
1061,"No food distribution has reached Sector 12 yet, elderly stuck",Food,High,synthetic,keyword_tier_heuristic
1062,"Bridge near Kings Cross is damaged, injured, road unsafe",Infrastructure,High,synthetic,keyword_tier_heuristic
1063,"Flooding at Sunrise Township, the shopkeeper child missing, need boat rescue",Flood/Rescue,High,synthetic,keyword_tier_heuristic
1064,"Need water tanker sent to Millbrook, trapped",Water,Critical,synthetic,keyword_tier_heuristic
1065,"No food distribution has reached Lakeview Apartments yet, feeling unwell",Food,Medium,synthetic,keyword_tier_heuristic
1066,"Need food supplies delivered to Fairview Estate, roof caving in",Food,High,synthetic,keyword_tier_heuristic
1067,"Requesting tents and shelter material at Riverside Colony, low on supplies",Shelter,Medium,synthetic,keyword_tier_heuristic
1068,"Need water tanker sent to Fairview Estate, small crack in wall",Water,Low,synthetic,keyword_tier_heuristic
1069,"Communication tower near Whitefield is down, child missing",Infrastructure,High,synthetic,keyword_tier_heuristic
1070,"Bridge near Lakeview Apartments is damaged, elderly stuck, road unsafe",Infrastructure,High,synthetic,keyword_tier_heuristic
1071,"Random test message, please ignore, sent from Kings Cross",Other/Irrelevant,Low,synthetic,keyword_tier_heuristic
1072,"Random test message, please ignore, sent from North Bridge",Other/Irrelevant,Medium,synthetic,keyword_tier_heuristic
1073,Just wanted to say thank you to the volunteers at Green Valley,Other/Irrelevant,Low,synthetic,keyword_tier_heuristic
1074,"No clean water available at Kings Cross for two days, severe pain",Water,High,synthetic,keyword_tier_heuristic
1075,"Someone collapsed at Palm Grove, cardiac arrest, need doctor urgently",Medical,Critical,synthetic,keyword_tier_heuristic
1076,"Drinking water contaminated at Central Market, roof caving in",Water,High,synthetic,keyword_tier_heuristic
1077,"Displaced families waiting outside Rosewood Lane, child missing",Shelter,High,synthetic,keyword_tier_heuristic
1078,"Need food supplies delivered to Whitefield, elderly stuck",Food,High,synthetic,keyword_tier_heuristic
1079,"Bridge near North Bridge is damaged, feeling unwell, road unsafe",Infrastructure,Medium,synthetic,keyword_tier_heuristic
1080,"an unknown man is gas leak near North Bridge, please send medical help",Medical,High,synthetic,keyword_tier_heuristic
1081,"Need an ambulance at Whitefield, my sister injured",Medical,High,synthetic,keyword_tier_heuristic
1082,"No clean water available at Hilltop Nagar for two days, gas leak",Water,High,synthetic,keyword_tier_heuristic
1083,Just wanted to say thank you to the volunteers at Lakeview Apartments,Other/Irrelevant,Low,synthetic,keyword_tier_heuristic
1084,"No clean water available at Marina Road for two days, severe pain",Water,High,synthetic,keyword_tier_heuristic
1085,"Fire spreading fast near Hilltop Nagar, my neighbor bleeding heavily",Fire,Critical,synthetic,keyword_tier_heuristic
1086,"Sharing an update, everything seems calm near Rosewood Lane today",Other/Irrelevant,Low,synthetic,keyword_tier_heuristic
1087,"Water levels gas leak at Fairview Estate, families are stranded",Flood/Rescue,High,synthetic,keyword_tier_heuristic
1088,"River overflowing near Sector 12, collapsed, send rescue team",Flood/Rescue,Critical,synthetic,keyword_tier_heuristic
1089,"Temporary shelter overcrowded at Sector 12, power has been out",Shelter,Medium,synthetic,keyword_tier_heuristic
1090,"No clean water available at Hilltop Nagar for two days, minor leak",Water,Low,synthetic,keyword_tier_heuristic
1091,"Need water tanker sent to Harbor District, minor leak",Water,Low,synthetic,keyword_tier_heuristic
1092,"Random test message, please ignore, sent from Koramangala",Other/Irrelevant,Medium,synthetic,keyword_tier_heuristic
1093,"Kitchen fire at Old Town, buried under rubble, please respond",Fire,Critical,synthetic,keyword_tier_heuristic
1094,"Bridge near Lakeview Apartments is damaged, smoke everywhere, road unsafe",Infrastructure,High,synthetic,keyword_tier_heuristic
1095,"Requesting tents and shelter material at Koramangala, when will help arrive",Shelter,Low,synthetic,keyword_tier_heuristic
1096,"No food distribution has reached Riverside Colony yet, when will help arrive",Food,Low,synthetic,keyword_tier_heuristic
1097,Medical emergency at Sunrise Township - an unknown man severe pain,Medical,High,synthetic,keyword_tier_heuristic
1098,Medical emergency at Riverside Colony - a group of people unconscious,Medical,Critical,synthetic,keyword_tier_heuristic
1099,"Need food supplies delivered to Palm Grove, drowning",Food,Critical,synthetic,keyword_tier_heuristic
1100,Medical emergency at Lakeview Apartments - a child minor injury,Medical,Medium,synthetic,keyword_tier_heuristic
1101,"Someone collapsed at Green Valley, severe pain, need doctor urgently same location as before",Medical,High,synthetic,keyword_tier_heuristic
1102,"No clean water available at Rosewood Lane for two days, when will help arrive",Water,Low,synthetic,keyword_tier_heuristic
1103,"Temporary shelter overcrowded at Whitefield, cardiac arrest",Shelter,Critical,synthetic,keyword_tier_heuristic
1104,"Displaced families waiting outside Marina Road, smoke everywhere",Shelter,High,synthetic,keyword_tier_heuristic
1105,"Displaced families waiting outside Lakeview Apartments, feeling unwell",Shelter,Medium,synthetic,keyword_tier_heuristic
1106,"Fire reported at Fairview Estate, smoke everywhere, need fire brigade immediately same location as before",Fire,High,synthetic,keyword_tier_heuristic
1107,"Building buried under rubble at East Ward, smoke visible for miles",Fire,Critical,synthetic,keyword_tier_heuristic
1108,"Water levels roof caving in at Old Town, families are stranded",Flood/Rescue,High,synthetic,keyword_tier_heuristic
1109,"Someone collapsed at Old Town, child missing, need doctor urgently",Medical,High,synthetic,keyword_tier_heuristic
1110,"Main road to Hilltop Nagar blocked by debris, road partially blocked",Infrastructure,Medium,synthetic,keyword_tier_heuristic
1111,Just wanted to say thank you to the volunteers at Sunrise Township,Other/Irrelevant,Low,synthetic,keyword_tier_heuristic
1112,"No clean water available at Millbrook for two days, minor injury",Water,Medium,synthetic,keyword_tier_heuristic
1113,"Need an ambulance at North Bridge, an elderly woman cardiac arrest",Medical,Critical,synthetic,keyword_tier_heuristic
1114,"No clean water available at Kings Cross for two days, smoke everywhere",Water,High,synthetic,keyword_tier_heuristic
1115,"Fire spreading fast near Millbrook, the shopkeeper smoke everywhere",Fire,High,synthetic,keyword_tier_heuristic
1116,"Drinking water contaminated at Rosewood Lane, needs help soon",Water,Medium,synthetic,keyword_tier_heuristic
1117,"Homes destroyed near Old Town, families need shelter, non-urgent request",Shelter,Low,synthetic,keyword_tier_heuristic
1118,"Requesting tents and shelter material at Palm Grove, general inquiry",Shelter,Low,synthetic,keyword_tier_heuristic
1119,"Fire spreading fast near Koramangala, my father severe pain",Fire,High,synthetic,keyword_tier_heuristic
1120,"Need food supplies delivered to Green Valley, small crack in wall",Food,Low,synthetic,keyword_tier_heuristic
1121,"Need food supplies delivered to Fairview Estate, minor leak",Food,Low,synthetic,keyword_tier_heuristic
1122,"We are trapped by flood water near East Ward, road partially blocked",Flood/Rescue,Medium,synthetic,keyword_tier_heuristic
1123,"No food distribution has reached Millbrook yet, elderly stuck",Food,High,synthetic,keyword_tier_heuristic
1124,"Communication tower near Station Road is down, cannot move",Infrastructure,Critical,synthetic,keyword_tier_heuristic
1125,"Bridge near Sunrise Township is damaged, small crack in wall, road unsafe",Infrastructure,Low,synthetic,keyword_tier_heuristic
1126,"Drinking water contaminated at Riverside Colony, roof caving in",Water,High,synthetic,keyword_tier_heuristic
1127,"Displaced families waiting outside Hilltop Nagar, low on supplies",Shelter,Medium,synthetic,keyword_tier_heuristic
1128,Medical emergency at Sunrise Township - an elderly woman water rising slowly,Medical,Medium,synthetic,keyword_tier_heuristic
1129,"Main road to Sunrise Township blocked by debris, smoke everywhere",Infrastructure,High,synthetic,keyword_tier_heuristic
1130,"Building collapsed at Green Valley, smoke visible for miles",Fire,Critical,synthetic,keyword_tier_heuristic
1131,"Need water tanker sent to Rosewood Lane, requesting information",Water,Low,synthetic,keyword_tier_heuristic
1132,"Water supply cut off at Palm Grove, cardiac arrest, many households affected",Water,Critical,synthetic,keyword_tier_heuristic
1133,"Displaced families waiting outside Koramangala, bleeding heavily",Shelter,Critical,synthetic,keyword_tier_heuristic
1134,"Requesting tents and shelter material at Palm Grove, minor injury",Shelter,Medium,synthetic,keyword_tier_heuristic
1135,"Sharing an update, everything seems calm near Kings Cross today",Other/Irrelevant,Low,synthetic,keyword_tier_heuristic
1136,"Communication tower near Harbor District is down, minor injury",Infrastructure,Medium,synthetic,keyword_tier_heuristic
1137,"Water supply cut off at Kings Cross, injured, many households affected",Water,High,synthetic,keyword_tier_heuristic
1138,Is there a helpline number for general questions about Old Town?,Other/Irrelevant,Low,synthetic,keyword_tier_heuristic
1139,"Need water tanker sent to Millbrook, severe pain",Water,High,synthetic,keyword_tier_heuristic
1140,"No food distribution has reached Fairview Estate yet, bleeding heavily",Food,Critical,synthetic,keyword_tier_heuristic
1141,"Need food supplies delivered to Station Road, low on supplies",Food,Medium,synthetic,keyword_tier_heuristic
1142,"Fire spreading fast near East Ward, my father gas leak",Fire,High,synthetic,keyword_tier_heuristic
1143,"River overflowing near Millbrook, severe pain, send rescue team",Flood/Rescue,High,synthetic,keyword_tier_heuristic
1144,"Need an ambulance at Harbor District, the shopkeeper bleeding heavily",Medical,Critical,synthetic,keyword_tier_heuristic
1145,"Building trapped at Millbrook, smoke visible for miles",Fire,Critical,synthetic,keyword_tier_heuristic
1146,"Water levels elderly stuck at Palm Grove, families are stranded",Flood/Rescue,High,synthetic,keyword_tier_heuristic
1147,"a group of people is gas leak near Central Market, please send medical help",Medical,High,synthetic,keyword_tier_heuristic
1148,"Requesting tents and shelter material at Fairview Estate, severe pain",Shelter,High,synthetic,keyword_tier_heuristic
1149,Just wanted to say thank you to the volunteers at Koramangala,Other/Irrelevant,Low,synthetic,keyword_tier_heuristic
1150,"Displaced families waiting outside Lakeview Apartments, low on supplies",Shelter,Medium,synthetic,keyword_tier_heuristic
1151,"Temporary shelter overcrowded at Central Market, gas leak",Shelter,High,synthetic,keyword_tier_heuristic
1152,"Kitchen fire at Green Valley, cannot move, please respond",Fire,Critical,synthetic,keyword_tier_heuristic
1153,"Need an ambulance at Harbor District, my sister drowning",Medical,Critical,synthetic,keyword_tier_heuristic
1154,"Need water tanker sent to North Bridge, low on supplies",Water,Medium,synthetic,keyword_tier_heuristic
1155,"Bridge near Whitefield is damaged, child missing, road unsafe",Infrastructure,High,synthetic,keyword_tier_heuristic
1156,"Sharing an update, everything seems calm near Sunrise Township today",Other/Irrelevant,High,synthetic,keyword_tier_heuristic
1157,"Water levels minor injury at Millbrook, families are stranded",Flood/Rescue,Medium,synthetic,keyword_tier_heuristic
1158,"Someone collapsed at Lakeview Apartments, gas leak, need doctor urgently",Medical,High,synthetic,keyword_tier_heuristic
1159,"Families at Hilltop Nagar have run out of food, requesting information",Food,Low,synthetic,keyword_tier_heuristic
1160,"Sharing an update, everything seems calm near Riverside Colony today",Other/Irrelevant,High,synthetic,keyword_tier_heuristic
1161,Is there a helpline number for general questions about Koramangala?,Other/Irrelevant,Low,synthetic,keyword_tier_heuristic
1162,"No clean water available at Sector 12 for two days, gas leak",Water,High,synthetic,keyword_tier_heuristic
1163,"Communication tower near Millbrook is down, drowning",Infrastructure,Critical,synthetic,keyword_tier_heuristic
1164,"Requesting ration kits for Old Town, minor injury",Food,Medium,synthetic,keyword_tier_heuristic
1165,Medical emergency at Sector 12 - a child minor injury,Medical,Medium,synthetic,keyword_tier_heuristic
1166,"No clean water available at Whitefield for two days, elderly stuck",Water,High,synthetic,keyword_tier_heuristic
1167,"Kitchen fire at Whitefield, collapsed, please respond",Fire,Critical,synthetic,keyword_tier_heuristic
1168,"Requesting ration kits for Millbrook, road partially blocked",Food,Medium,synthetic,keyword_tier_heuristic
1169,"No food distribution has reached Palm Grove yet, buried under rubble",Food,Critical,synthetic,keyword_tier_heuristic
1170,Just wanted to say thank you to the volunteers at Harbor District,Other/Irrelevant,Low,synthetic,keyword_tier_heuristic
1171,"Requesting ration kits for North Bridge, drowning",Food,Critical,synthetic,keyword_tier_heuristic
1172,"Building rising water fast at Rosewood Lane, smoke visible for miles",Fire,High,synthetic,keyword_tier_heuristic
1173,"Displaced families waiting outside North Bridge, needs help soon",Shelter,Medium,synthetic,keyword_tier_heuristic
1174,"Water supply cut off at Lakeview Apartments, feeling unwell, many households affected",Water,Medium,synthetic,keyword_tier_heuristic
1175,"Requesting ration kits for Rosewood Lane, feeling unwell",Food,Medium,synthetic,keyword_tier_heuristic
1176,"a group of people is unconscious near Green Valley, please send medical help",Medical,Critical,synthetic,keyword_tier_heuristic
1177,"Fire spreading fast near Hilltop Nagar, my sister just checking in",Fire,Low,synthetic,keyword_tier_heuristic
1178,"Fire spreading fast near Central Market, an elderly woman injured same location as before",Fire,High,synthetic,keyword_tier_heuristic
1179,"No clean water available at Rosewood Lane for two days, needs help soon",Water,Medium,synthetic,keyword_tier_heuristic
1180,"Need food supplies delivered to Rosewood Lane, feeling unwell",Food,Medium,synthetic,keyword_tier_heuristic
1181,"Building roof caving in at Whitefield, smoke visible for miles same location as before",Fire,High,synthetic,keyword_tier_heuristic
1182,Medical emergency at Green Valley - my sister injured,Medical,High,synthetic,keyword_tier_heuristic
1183,"Need water tanker sent to Sector 12, cannot move",Water,Critical,synthetic,keyword_tier_heuristic
1184,"Sharing an update, everything seems calm near Green Valley today",Other/Irrelevant,Low,synthetic,keyword_tier_heuristic
1185,Is there a helpline number for general questions about Green Valley? same location as before,Other/Irrelevant,Low,synthetic,keyword_tier_heuristic
1186,"Requesting ration kits for Kings Cross, road partially blocked",Food,Medium,synthetic,keyword_tier_heuristic
1187,"Building elderly stuck at Sector 12, smoke visible for miles",Fire,High,synthetic,keyword_tier_heuristic
1188,"a group of people is severe pain near East Ward, please send medical help",Medical,High,synthetic,keyword_tier_heuristic
1189,"We are trapped by flood water near East Ward, cardiac arrest",Flood/Rescue,Critical,synthetic,keyword_tier_heuristic
1190,"River overflowing near Koramangala, gas leak, send rescue team",Flood/Rescue,High,synthetic,keyword_tier_heuristic
1191,"Requesting tents and shelter material at Marina Road, smoke everywhere",Shelter,High,synthetic,keyword_tier_heuristic
1192,"Requesting ration kits for Marina Road, rising water fast",Food,High,synthetic,keyword_tier_heuristic
1193,"Power lines down at Station Road, water rising slowly",Infrastructure,Medium,synthetic,keyword_tier_heuristic
1194,"Sharing an update, everything seems calm near Old Town today",Other/Irrelevant,Low,synthetic,keyword_tier_heuristic
1195,"Need food supplies delivered to Riverside Colony, water rising slowly",Food,Medium,synthetic,keyword_tier_heuristic
1196,"Need water tanker sent to Whitefield, when will help arrive",Water,Low,synthetic,keyword_tier_heuristic
1197,"Need an ambulance at Sunrise Township, my neighbor stranded",Medical,High,synthetic,keyword_tier_heuristic
1198,"Need water tanker sent to East Ward, child missing",Water,High,synthetic,keyword_tier_heuristic
1199,"Power lines down at North Bridge, gas leak",Infrastructure,High,synthetic,keyword_tier_heuristic
1200,"River overflowing near North Bridge, smoke everywhere, send rescue team",Flood/Rescue,High,synthetic,keyword_tier_heuristic
1201,"We are trapped by flood water near Green Valley, severe pain",Flood/Rescue,High,synthetic,keyword_tier_heuristic
1202,"Kitchen fire at Sector 12, not breathing, please respond same location as before",Fire,Critical,synthetic,keyword_tier_heuristic
1203,"Displaced families waiting outside Millbrook, general inquiry",Shelter,Low,synthetic,keyword_tier_heuristic
1204,"Building unconscious at Central Market, smoke visible for miles",Fire,Critical,synthetic,keyword_tier_heuristic
1205,"Requesting tents and shelter material at North Bridge, power has been out",Shelter,Medium,synthetic,keyword_tier_heuristic
1206,"No food distribution has reached Old Town yet, gas leak",Food,High,synthetic,keyword_tier_heuristic
1207,"Random test message, please ignore, sent from East Ward",Other/Irrelevant,Low,synthetic,keyword_tier_heuristic
1208,"Families at Old Town have run out of food, elderly stuck",Food,High,synthetic,keyword_tier_heuristic
1209,"Power lines down at North Bridge, non-urgent request",Infrastructure,Low,synthetic,keyword_tier_heuristic
1210,"Main road to Hilltop Nagar blocked by debris, when will help arrive",Infrastructure,Low,synthetic,keyword_tier_heuristic
1211,"Main road to Fairview Estate blocked by debris, unconscious same location as before",Infrastructure,Critical,synthetic,keyword_tier_heuristic
1212,"Fire reported at East Ward, feeling unwell, need fire brigade immediately",Fire,Medium,synthetic,keyword_tier_heuristic
1213,"Need an ambulance at Station Road, my whole family cannot move",Medical,Critical,synthetic,keyword_tier_heuristic
1214,"Water levels needs help soon at Fairview Estate, families are stranded",Flood/Rescue,Medium,synthetic,keyword_tier_heuristic
1215,Just wanted to say thank you to the volunteers at Hilltop Nagar,Other/Irrelevant,Low,synthetic,keyword_tier_heuristic
1216,"River overflowing near Green Valley, gas leak, send rescue team",Flood/Rescue,High,synthetic,keyword_tier_heuristic
1217,"Kitchen fire at Old Town, collapsed, please respond",Fire,Critical,synthetic,keyword_tier_heuristic
1218,"Kitchen fire at Kings Cross, cardiac arrest, please respond",Fire,Critical,synthetic,keyword_tier_heuristic
1219,"We are trapped by flood water near Lakeview Apartments, severe pain",Flood/Rescue,High,synthetic,keyword_tier_heuristic
1220,"Need water tanker sent to North Bridge, water rising slowly",Water,Medium,synthetic,keyword_tier_heuristic
1221,"Power lines down at Hilltop Nagar, rising water fast",Infrastructure,High,synthetic,keyword_tier_heuristic
1222,"Temporary shelter overcrowded at Rosewood Lane, injured",Shelter,High,synthetic,keyword_tier_heuristic
1223,"Main road to Hilltop Nagar blocked by debris, needs help soon same location as before",Infrastructure,Medium,synthetic,keyword_tier_heuristic
1224,"my whole family is when will help arrive near Kings Cross, please send medical help",Medical,Low,synthetic,keyword_tier_heuristic
1225,"Requesting tents and shelter material at Central Market, bleeding heavily",Shelter,Critical,synthetic,keyword_tier_heuristic
1226,"Displaced families waiting outside Marina Road, feeling unwell",Shelter,Medium,synthetic,keyword_tier_heuristic
1227,"Temporary shelter overcrowded at Central Market, collapsed",Shelter,Critical,synthetic,keyword_tier_heuristic
1228,"Requesting ration kits for Green Valley, just checking in",Food,Low,synthetic,keyword_tier_heuristic
1229,Is there a helpline number for general questions about Hilltop Nagar?,Other/Irrelevant,Low,synthetic,keyword_tier_heuristic
1230,"Water supply cut off at Rosewood Lane, feeling unwell, many households affected",Water,Medium,synthetic,keyword_tier_heuristic
1231,"my whole family is trapped near Palm Grove, please send medical help",Medical,Critical,synthetic,keyword_tier_heuristic
1232,"Displaced families waiting outside Marina Road, power has been out",Shelter,Medium,synthetic,keyword_tier_heuristic
1233,Just wanted to say thank you to the volunteers at Harbor District,Other/Irrelevant,Low,synthetic,keyword_tier_heuristic
1234,"Building on fire at Sector 12, smoke visible for miles same location as before",Fire,Critical,synthetic,keyword_tier_heuristic
1235,"Requesting ration kits for Koramangala, cannot move",Food,Critical,synthetic,keyword_tier_heuristic
1236,"Building low on supplies at Marina Road, smoke visible for miles",Fire,Medium,synthetic,keyword_tier_heuristic
1237,"Requesting ration kits for Millbrook, road partially blocked",Food,Medium,synthetic,keyword_tier_heuristic
1238,"Main road to Riverside Colony blocked by debris, minor injury",Infrastructure,Medium,synthetic,keyword_tier_heuristic
1239,"Sharing an update, everything seems calm near Fairview Estate today",Other/Irrelevant,Medium,synthetic,keyword_tier_heuristic
1240,"Kitchen fire at Sunrise Township, smoke everywhere, please respond",Fire,High,synthetic,keyword_tier_heuristic
1241,"Kitchen fire at Riverside Colony, minor injury, please respond",Fire,Medium,synthetic,keyword_tier_heuristic
1242,"Homes destroyed near Whitefield, families need shelter, road partially blocked",Shelter,Medium,synthetic,keyword_tier_heuristic
1243,"Displaced families waiting outside Central Market, on fire",Shelter,Critical,synthetic,keyword_tier_heuristic
1244,"Water supply cut off at Old Town, power has been out, many households affected",Water,Medium,synthetic,keyword_tier_heuristic
1245,"Fire reported at Palm Grove, drowning, need fire brigade immediately",Fire,Critical,synthetic,keyword_tier_heuristic
1246,"No food distribution has reached Kings Cross yet, stranded",Food,High,synthetic,keyword_tier_heuristic
1247,"Bridge near Green Valley is damaged, elderly stuck, road unsafe",Infrastructure,High,synthetic,keyword_tier_heuristic
1248,"Random test message, please ignore, sent from Hilltop Nagar",Other/Irrelevant,Medium,synthetic,keyword_tier_heuristic
1249,"Displaced families waiting outside Sunrise Township, on fire",Shelter,Critical,synthetic,keyword_tier_heuristic
1250,"Need food supplies delivered to Harbor District, needs help soon",Food,Medium,synthetic,keyword_tier_heuristic
1251,"Someone collapsed at North Bridge, low on supplies, need doctor urgently",Medical,Medium,synthetic,keyword_tier_heuristic
1252,"Requesting ration kits for North Bridge, small crack in wall",Food,Low,synthetic,keyword_tier_heuristic
1253,"Requesting tents and shelter material at Hilltop Nagar, water rising slowly",Shelter,Medium,synthetic,keyword_tier_heuristic
1254,"No clean water available at Kings Cross for two days, drowning",Water,Critical,synthetic,keyword_tier_heuristic
1255,"Someone collapsed at Lakeview Apartments, elderly stuck, need doctor urgently",Medical,High,synthetic,keyword_tier_heuristic
1256,"Requesting ration kits for Harbor District, unconscious",Food,Critical,synthetic,keyword_tier_heuristic
1257,"Displaced families waiting outside Koramangala, elderly stuck same location as before",Shelter,High,synthetic,keyword_tier_heuristic
1258,"Need food supplies delivered to Rosewood Lane, general inquiry",Food,Low,synthetic,keyword_tier_heuristic
1259,"Flooding at Fairview Estate, my neighbor on fire, need boat rescue",Flood/Rescue,Critical,synthetic,keyword_tier_heuristic
1260,"Flooding at Lakeview Apartments, my father collapsed, need boat rescue",Flood/Rescue,Critical,synthetic,keyword_tier_heuristic
1261,"No food distribution has reached East Ward yet, requesting information",Food,Low,synthetic,keyword_tier_heuristic
1262,"Need water tanker sent to Riverside Colony, needs help soon",Water,Medium,synthetic,keyword_tier_heuristic
1263,"Need water tanker sent to Fairview Estate, needs help soon",Water,Medium,synthetic,keyword_tier_heuristic
1264,"Drinking water contaminated at Sunrise Township, unconscious",Water,Critical,synthetic,keyword_tier_heuristic
1265,"my neighbor is water rising slowly near East Ward, please send medical help",Medical,Medium,synthetic,keyword_tier_heuristic
1266,Just wanted to say thank you to the volunteers at Sunrise Township,Other/Irrelevant,Low,synthetic,keyword_tier_heuristic
1267,"Water supply cut off at Sector 12, power has been out, many households affected",Water,Medium,synthetic,keyword_tier_heuristic
1268,"Need water tanker sent to Koramangala, needs help soon",Water,Medium,synthetic,keyword_tier_heuristic
1269,"Families at Koramangala have run out of food, small crack in wall",Food,Low,synthetic,keyword_tier_heuristic
1270,"Communication tower near Hilltop Nagar is down, minor injury",Infrastructure,Medium,synthetic,keyword_tier_heuristic
1271,"Need an ambulance at Lakeview Apartments, my father rising water fast same location as before",Medical,High,synthetic,keyword_tier_heuristic
1272,"a child is not breathing near North Bridge, please send medical help",Medical,Critical,synthetic,keyword_tier_heuristic
1273,"Temporary shelter overcrowded at Hilltop Nagar, buried under rubble",Shelter,Critical,synthetic,keyword_tier_heuristic
1274,Is there a helpline number for general questions about Koramangala?,Other/Irrelevant,Medium,synthetic,keyword_tier_heuristic
1275,"Water levels cannot move at Central Market, families are stranded",Flood/Rescue,Critical,synthetic,keyword_tier_heuristic
1276,"Bridge near Sunrise Township is damaged, when will help arrive, road unsafe",Infrastructure,Low,synthetic,keyword_tier_heuristic
1277,"Sharing an update, everything seems calm near Lakeview Apartments today",Other/Irrelevant,High,synthetic,keyword_tier_heuristic
1278,"Fire spreading fast near Hilltop Nagar, a child gas leak",Fire,High,synthetic,keyword_tier_heuristic
1279,"Requesting tents and shelter material at Hilltop Nagar, minor injury",Shelter,Medium,synthetic,keyword_tier_heuristic
1280,"Temporary shelter overcrowded at Harbor District, power has been out",Shelter,Medium,synthetic,keyword_tier_heuristic
1281,"No clean water available at Hilltop Nagar for two days, feeling unwell",Water,Medium,synthetic,keyword_tier_heuristic
1282,Just wanted to say thank you to the volunteers at Riverside Colony,Other/Irrelevant,Low,synthetic,keyword_tier_heuristic
1283,"River overflowing near Old Town, rising water fast, send rescue team",Flood/Rescue,High,synthetic,keyword_tier_heuristic
1284,"Power lines down at Green Valley, elderly stuck",Infrastructure,High,synthetic,keyword_tier_heuristic
1285,"We are trapped by flood water near Sector 12, on fire",Flood/Rescue,Critical,synthetic,keyword_tier_heuristic
1286,Medical emergency at North Bridge - my neighbor bleeding heavily,Medical,Critical,synthetic,keyword_tier_heuristic
1287,"Homes destroyed near Fairview Estate, families need shelter, elderly stuck",Shelter,High,synthetic,keyword_tier_heuristic
1288,"Communication tower near Rosewood Lane is down, when will help arrive",Infrastructure,Low,synthetic,keyword_tier_heuristic
1289,"Kitchen fire at Rosewood Lane, smoke everywhere, please respond",Fire,High,synthetic,keyword_tier_heuristic
1290,"Need an ambulance at Harbor District, an elderly woman smoke everywhere",Medical,High,synthetic,keyword_tier_heuristic
1291,"Power lines down at Station Road, elderly stuck",Infrastructure,High,synthetic,keyword_tier_heuristic
1292,"Families at Kings Cross have run out of food, road partially blocked",Food,Medium,synthetic,keyword_tier_heuristic
1293,"Need water tanker sent to Kings Cross, elderly stuck",Water,High,synthetic,keyword_tier_heuristic
1294,"Requesting tents and shelter material at Kings Cross, road partially blocked",Shelter,Medium,synthetic,keyword_tier_heuristic
1295,"Displaced families waiting outside Kings Cross, minor leak",Shelter,Low,synthetic,keyword_tier_heuristic
1296,"Kitchen fire at Lakeview Apartments, drowning, please respond",Fire,Critical,synthetic,keyword_tier_heuristic
1297,"No clean water available at Sector 12 for two days, child missing",Water,High,synthetic,keyword_tier_heuristic
1298,"Requesting ration kits for East Ward, child missing",Food,High,synthetic,keyword_tier_heuristic
1299,"River overflowing near East Ward, drowning, send rescue team",Flood/Rescue,Critical,synthetic,keyword_tier_heuristic
1300,"Building collapsed at Riverside Colony, smoke visible for miles",Fire,Critical,synthetic,keyword_tier_heuristic
1301,"Flooding at Marina Road, an elderly woman not breathing, need boat rescue",Flood/Rescue,Critical,synthetic,keyword_tier_heuristic
1302,"Need an ambulance at East Ward, a group of people buried under rubble",Medical,Critical,synthetic,keyword_tier_heuristic
1303,"Requesting ration kits for North Bridge, non-urgent request",Food,Low,synthetic,keyword_tier_heuristic
1304,"the shopkeeper is low on supplies near Station Road, please send medical help",Medical,Medium,synthetic,keyword_tier_heuristic
1305,"Drinking water contaminated at North Bridge, minor injury",Water,Medium,synthetic,keyword_tier_heuristic
1306,"No clean water available at Lakeview Apartments for two days, when will help arrive",Water,Low,synthetic,keyword_tier_heuristic
1307,"Sharing an update, everything seems calm near Station Road today",Other/Irrelevant,Low,synthetic,keyword_tier_heuristic
1308,"Fire spreading fast near Lakeview Apartments, my neighbor trapped",Fire,Critical,synthetic,keyword_tier_heuristic
1309,"Water supply cut off at Old Town, severe pain, many households affected",Water,High,synthetic,keyword_tier_heuristic
1310,"Fire spreading fast near Harbor District, an elderly woman roof caving in",Fire,High,synthetic,keyword_tier_heuristic
1311,"Requesting ration kits for Riverside Colony, injured",Food,High,synthetic,keyword_tier_heuristic
1312,"Temporary shelter overcrowded at North Bridge, general inquiry",Shelter,Low,synthetic,keyword_tier_heuristic
1313,"Homes destroyed near Hilltop Nagar, families need shelter, road partially blocked",Shelter,Medium,synthetic,keyword_tier_heuristic
1314,"We are trapped by flood water near North Bridge, gas leak",Flood/Rescue,High,synthetic,keyword_tier_heuristic
1315,"Requesting tents and shelter material at Central Market, small crack in wall",Shelter,Low,synthetic,keyword_tier_heuristic
1316,"Requesting ration kits for East Ward, when will help arrive",Food,Low,synthetic,keyword_tier_heuristic
1317,"Fire spreading fast near Green Valley, my whole family on fire",Fire,Critical,synthetic,keyword_tier_heuristic
1318,"Need an ambulance at Harbor District, the shopkeeper rising water fast",Medical,High,synthetic,keyword_tier_heuristic
1319,"No clean water available at Kings Cross for two days, feeling unwell",Water,Medium,synthetic,keyword_tier_heuristic
1320,"Drinking water contaminated at North Bridge, smoke everywhere",Water,High,synthetic,keyword_tier_heuristic
1321,"Communication tower near Rosewood Lane is down, elderly stuck",Infrastructure,High,synthetic,keyword_tier_heuristic
1322,"No food distribution has reached Millbrook yet, feeling unwell",Food,Medium,synthetic,keyword_tier_heuristic
1323,"Families at Station Road have run out of food, general inquiry",Food,Low,synthetic,keyword_tier_heuristic
1324,"Building injured at Harbor District, smoke visible for miles",Fire,High,synthetic,keyword_tier_heuristic
1325,"Drinking water contaminated at Hilltop Nagar, non-urgent request same location as before",Water,Low,synthetic,keyword_tier_heuristic
1326,"Need an ambulance at Station Road, my neighbor feeling unwell",Medical,Medium,synthetic,keyword_tier_heuristic
1327,"Someone collapsed at Hilltop Nagar, power has been out, need doctor urgently",Medical,Medium,synthetic,keyword_tier_heuristic
1328,"Communication tower near Sector 12 is down, power has been out",Infrastructure,Medium,synthetic,keyword_tier_heuristic
1329,"Homes destroyed near Millbrook, families need shelter, smoke everywhere same location as before",Shelter,High,synthetic,keyword_tier_heuristic
1330,"Need water tanker sent to Rosewood Lane, requesting information",Water,Low,synthetic,keyword_tier_heuristic
1331,"Water supply cut off at Rosewood Lane, feeling unwell, many households affected",Water,Medium,synthetic,keyword_tier_heuristic
1332,"Homes destroyed near Central Market, families need shelter, water rising slowly same location as before",Shelter,Medium,synthetic,keyword_tier_heuristic
1333,"an unknown man is road partially blocked near Whitefield, please send medical help",Medical,Medium,synthetic,keyword_tier_heuristic
1334,"Requesting tents and shelter material at Harbor District, unconscious",Shelter,Critical,synthetic,keyword_tier_heuristic
1335,"Water supply cut off at Harbor District, not breathing, many households affected",Water,Critical,synthetic,keyword_tier_heuristic
1336,"Random test message, please ignore, sent from Central Market same location as before",Other/Irrelevant,Low,synthetic,keyword_tier_heuristic
1337,"Random test message, please ignore, sent from Millbrook",Other/Irrelevant,Low,synthetic,keyword_tier_heuristic
1338,"Requesting ration kits for Sunrise Township, roof caving in",Food,High,synthetic,keyword_tier_heuristic
1339,"the shopkeeper is trapped near Hilltop Nagar, please send medical help",Medical,Critical,synthetic,keyword_tier_heuristic
1340,"River overflowing near Palm Grove, when will help arrive, send rescue team",Flood/Rescue,Low,synthetic,keyword_tier_heuristic
1341,"Fire spreading fast near Marina Road, my neighbor low on supplies",Fire,Medium,synthetic,keyword_tier_heuristic
1342,"Random test message, please ignore, sent from Marina Road",Other/Irrelevant,Medium,synthetic,keyword_tier_heuristic
1343,"Random test message, please ignore, sent from Sunrise Township same location as before",Other/Irrelevant,Low,synthetic,keyword_tier_heuristic
1344,"Power lines down at Marina Road, low on supplies",Infrastructure,Medium,synthetic,keyword_tier_heuristic
1345,"Fire spreading fast near Rosewood Lane, a child minor leak",Fire,Low,synthetic,keyword_tier_heuristic
1346,"Homes destroyed near Millbrook, families need shelter, requesting information",Shelter,Low,synthetic,keyword_tier_heuristic
1347,"Fire reported at Millbrook, unconscious, need fire brigade immediately",Fire,Critical,synthetic,keyword_tier_heuristic
1348,"Need an ambulance at Millbrook, an elderly woman collapsed",Medical,Critical,synthetic,keyword_tier_heuristic
1349,"Bridge near Riverside Colony is damaged, needs help soon, road unsafe",Infrastructure,Medium,synthetic,keyword_tier_heuristic
1350,"Requesting tents and shelter material at Hilltop Nagar, power has been out",Shelter,Medium,synthetic,keyword_tier_heuristic
1351,"Need an ambulance at Sector 12, my sister low on supplies",Medical,Medium,synthetic,keyword_tier_heuristic
1352,"Displaced families waiting outside Whitefield, road partially blocked",Shelter,Medium,synthetic,keyword_tier_heuristic
1353,"Communication tower near Harbor District is down, minor injury same location as before",Infrastructure,Medium,synthetic,keyword_tier_heuristic
1354,"Fire reported at Kings Cross, water rising slowly, need fire brigade immediately",Fire,Medium,synthetic,keyword_tier_heuristic
1355,"No food distribution has reached Lakeview Apartments yet, trapped",Food,Critical,synthetic,keyword_tier_heuristic
1356,"Bridge near East Ward is damaged, stranded, road unsafe",Infrastructure,High,synthetic,keyword_tier_heuristic
1357,"Temporary shelter overcrowded at Harbor District, minor injury",Shelter,Medium,synthetic,keyword_tier_heuristic
1358,Just wanted to say thank you to the volunteers at Millbrook,Other/Irrelevant,Low,synthetic,keyword_tier_heuristic
1359,"Need water tanker sent to Old Town, non-urgent request",Water,Low,synthetic,keyword_tier_heuristic
1360,"Random test message, please ignore, sent from Millbrook",Other/Irrelevant,Low,synthetic,keyword_tier_heuristic
1361,"Flooding at Sunrise Township, my sister rising water fast, need boat rescue",Flood/Rescue,High,synthetic,keyword_tier_heuristic
1362,"Families at Rosewood Lane have run out of food, road partially blocked",Food,Medium,synthetic,keyword_tier_heuristic
1363,Is there a helpline number for general questions about Sunrise Township?,Other/Irrelevant,Low,synthetic,keyword_tier_heuristic
1364,"We are trapped by flood water near Fairview Estate, feeling unwell",Flood/Rescue,Medium,synthetic,keyword_tier_heuristic
1365,Medical emergency at Green Valley - my neighbor not breathing,Medical,Critical,synthetic,keyword_tier_heuristic
1366,Is there a helpline number for general questions about Lakeview Apartments?,Other/Irrelevant,Low,synthetic,keyword_tier_heuristic
1367,"Fire spreading fast near Station Road, my neighbor trapped",Fire,Critical,synthetic,keyword_tier_heuristic
1368,"Temporary shelter overcrowded at North Bridge, water rising slowly same location as before",Shelter,Medium,synthetic,keyword_tier_heuristic
1369,"Flooding at Green Valley, my neighbor low on supplies, need boat rescue",Flood/Rescue,Medium,synthetic,keyword_tier_heuristic
1370,"my neighbor is minor injury near Fairview Estate, please send medical help",Medical,Medium,synthetic,keyword_tier_heuristic
1371,"Families at Green Valley have run out of food, requesting information",Food,Low,synthetic,keyword_tier_heuristic
1372,"Homes destroyed near North Bridge, families need shelter, just checking in",Shelter,Low,synthetic,keyword_tier_heuristic
1373,"Fire reported at Riverside Colony, feeling unwell, need fire brigade immediately",Fire,Medium,synthetic,keyword_tier_heuristic
1374,Just wanted to say thank you to the volunteers at Millbrook,Other/Irrelevant,Low,synthetic,keyword_tier_heuristic
1375,"Requesting ration kits for Millbrook, when will help arrive same location as before",Food,Low,synthetic,keyword_tier_heuristic
1376,"No food distribution has reached Rosewood Lane yet, trapped",Food,Critical,synthetic,keyword_tier_heuristic
1377,"Sharing an update, everything seems calm near Rosewood Lane today",Other/Irrelevant,Medium,synthetic,keyword_tier_heuristic
1378,"Families at Hilltop Nagar have run out of food, non-urgent request",Food,Low,synthetic,keyword_tier_heuristic
1379,"Sharing an update, everything seems calm near Hilltop Nagar today",Other/Irrelevant,Medium,synthetic,keyword_tier_heuristic
1380,"Main road to Rosewood Lane blocked by debris, minor injury",Infrastructure,Medium,synthetic,keyword_tier_heuristic
1381,"Displaced families waiting outside Old Town, cardiac arrest",Shelter,Critical,synthetic,keyword_tier_heuristic
1382,"Random test message, please ignore, sent from East Ward",Other/Irrelevant,Low,synthetic,keyword_tier_heuristic
1383,"Communication tower near Fairview Estate is down, feeling unwell",Infrastructure,Medium,synthetic,keyword_tier_heuristic
1384,Is there a helpline number for general questions about Rosewood Lane?,Other/Irrelevant,Low,synthetic,keyword_tier_heuristic
1385,"No clean water available at Fairview Estate for two days, power has been out",Water,Medium,synthetic,keyword_tier_heuristic
1386,"Need an ambulance at Millbrook, my whole family unconscious",Medical,Critical,synthetic,keyword_tier_heuristic
1387,"Need water tanker sent to Green Valley, elderly stuck",Water,High,synthetic,keyword_tier_heuristic
1388,"Homes destroyed near Old Town, families need shelter, feeling unwell",Shelter,Medium,synthetic,keyword_tier_heuristic
1389,"Drinking water contaminated at Palm Grove, unconscious",Water,Critical,synthetic,keyword_tier_heuristic
1390,Is there a helpline number for general questions about Green Valley?,Other/Irrelevant,Low,synthetic,keyword_tier_heuristic
1391,"No clean water available at Lakeview Apartments for two days, roof caving in",Water,High,synthetic,keyword_tier_heuristic
1392,"Need water tanker sent to Kings Cross, non-urgent request",Water,Low,synthetic,keyword_tier_heuristic
1393,"Need an ambulance at Kings Cross, my whole family rising water fast",Medical,High,synthetic,keyword_tier_heuristic
1394,"Random test message, please ignore, sent from Green Valley",Other/Irrelevant,Low,synthetic,keyword_tier_heuristic
1395,"Fire spreading fast near Old Town, a child buried under rubble",Fire,Critical,synthetic,keyword_tier_heuristic
1396,"Homes destroyed near Riverside Colony, families need shelter, severe pain",Shelter,High,synthetic,keyword_tier_heuristic
1397,"Power lines down at Riverside Colony, bleeding heavily",Infrastructure,Critical,synthetic,keyword_tier_heuristic
1398,Just wanted to say thank you to the volunteers at Rosewood Lane,Other/Irrelevant,Critical,synthetic,keyword_tier_heuristic
1399,"Need an ambulance at Green Valley, a group of people elderly stuck",Medical,High,synthetic,keyword_tier_heuristic
1400,"Building cardiac arrest at Kings Cross, smoke visible for miles",Fire,Critical,synthetic,keyword_tier_heuristic
1401,"Flooding at Sunrise Township, my neighbor needs help soon, need boat rescue same location as before",Flood/Rescue,Medium,synthetic,keyword_tier_heuristic
1402,"Temporary shelter overcrowded at Green Valley, water rising slowly",Shelter,Medium,synthetic,keyword_tier_heuristic
1403,"Need an ambulance at Station Road, my sister water rising slowly",Medical,Medium,synthetic,keyword_tier_heuristic
1404,"Need an ambulance at Whitefield, my father general inquiry",Medical,Low,synthetic,keyword_tier_heuristic
1405,"Fire spreading fast near East Ward, my sister severe pain",Fire,High,synthetic,keyword_tier_heuristic
1406,Is there a helpline number for general questions about Hilltop Nagar? same location as before,Other/Irrelevant,Low,synthetic,keyword_tier_heuristic
1407,"We are trapped by flood water near Old Town, rising water fast",Flood/Rescue,High,synthetic,keyword_tier_heuristic
1408,"Flooding at Whitefield, my father water rising slowly, need boat rescue same location as before",Flood/Rescue,Medium,synthetic,keyword_tier_heuristic
1409,"Temporary shelter overcrowded at East Ward, stranded",Shelter,High,synthetic,keyword_tier_heuristic
1410,Is there a helpline number for general questions about East Ward?,Other/Irrelevant,Low,synthetic,keyword_tier_heuristic
1411,"Someone collapsed at Lakeview Apartments, small crack in wall, need doctor urgently",Medical,Low,synthetic,keyword_tier_heuristic
1412,"Temporary shelter overcrowded at Koramangala, stranded",Shelter,High,synthetic,keyword_tier_heuristic
1413,Just wanted to say thank you to the volunteers at North Bridge,Other/Irrelevant,High,synthetic,keyword_tier_heuristic
1414,"Homes destroyed near Lakeview Apartments, families need shelter, stranded",Shelter,High,synthetic,keyword_tier_heuristic
1415,"Building buried under rubble at Sector 12, smoke visible for miles",Fire,Critical,synthetic,keyword_tier_heuristic
1416,"Water levels collapsed at Koramangala, families are stranded",Flood/Rescue,Critical,synthetic,keyword_tier_heuristic
1417,"Communication tower near Fairview Estate is down, gas leak",Infrastructure,High,synthetic,keyword_tier_heuristic
1418,"Drinking water contaminated at Old Town, power has been out",Water,Medium,synthetic,keyword_tier_heuristic
1419,"Random test message, please ignore, sent from Green Valley",Other/Irrelevant,Low,synthetic,keyword_tier_heuristic
1420,"No clean water available at Riverside Colony for two days, trapped",Water,Critical,synthetic,keyword_tier_heuristic
1421,"Sharing an update, everything seems calm near Central Market today",Other/Irrelevant,Medium,synthetic,keyword_tier_heuristic
1422,"Requesting ration kits for Whitefield, needs help soon",Food,Medium,synthetic,keyword_tier_heuristic
1423,"Flooding at Station Road, a child trapped, need boat rescue",Flood/Rescue,Critical,synthetic,keyword_tier_heuristic
1424,Is there a helpline number for general questions about Millbrook?,Other/Irrelevant,Low,synthetic,keyword_tier_heuristic
1425,"We are trapped by flood water near Sunrise Township, severe pain",Flood/Rescue,High,synthetic,keyword_tier_heuristic
1426,"Power lines down at Palm Grove, injured",Infrastructure,High,synthetic,keyword_tier_heuristic
1427,Medical emergency at Green Valley - a child cardiac arrest,Medical,Critical,synthetic,keyword_tier_heuristic
1428,"Building drowning at Central Market, smoke visible for miles",Fire,Critical,synthetic,keyword_tier_heuristic
1429,"Requesting ration kits for Palm Grove, low on supplies",Food,Medium,synthetic,keyword_tier_heuristic
1430,Is there a helpline number for general questions about East Ward? same location as before,Other/Irrelevant,Medium,synthetic,keyword_tier_heuristic
1431,"Sharing an update, everything seems calm near Harbor District today",Other/Irrelevant,Low,synthetic,keyword_tier_heuristic
1432,"Kitchen fire at Old Town, smoke everywhere, please respond",Fire,High,synthetic,keyword_tier_heuristic
1433,"Drinking water contaminated at Sunrise Township, low on supplies",Water,Medium,synthetic,keyword_tier_heuristic
1434,"Building needs help soon at North Bridge, smoke visible for miles",Fire,Medium,synthetic,keyword_tier_heuristic
1435,"Sharing an update, everything seems calm near Marina Road today",Other/Irrelevant,Low,synthetic,keyword_tier_heuristic
1436,"Requesting tents and shelter material at Millbrook, water rising slowly",Shelter,Medium,synthetic,keyword_tier_heuristic
1437,"Someone collapsed at Millbrook, not breathing, need doctor urgently",Medical,Critical,synthetic,keyword_tier_heuristic
1438,"River overflowing near Millbrook, needs help soon, send rescue team same location as before",Flood/Rescue,Medium,synthetic,keyword_tier_heuristic
1439,"Fire spreading fast near Whitefield, the shopkeeper cannot move",Fire,Critical,synthetic,keyword_tier_heuristic
1440,"Drinking water contaminated at Sunrise Township, elderly stuck",Water,High,synthetic,keyword_tier_heuristic
1441,Just wanted to say thank you to the volunteers at East Ward,Other/Irrelevant,Low,synthetic,keyword_tier_heuristic
1442,"Need food supplies delivered to Kings Cross, stranded",Food,High,synthetic,keyword_tier_heuristic
1443,"Bridge near Koramangala is damaged, gas leak, road unsafe",Infrastructure,High,synthetic,keyword_tier_heuristic
1444,"Fire spreading fast near Millbrook, my neighbor power has been out",Fire,Medium,synthetic,keyword_tier_heuristic
1445,"Communication tower near Whitefield is down, minor leak",Infrastructure,Low,synthetic,keyword_tier_heuristic
1446,"Someone collapsed at Green Valley, severe pain, need doctor urgently",Medical,High,synthetic,keyword_tier_heuristic
1447,"Displaced families waiting outside Sector 12, trapped",Shelter,Critical,synthetic,keyword_tier_heuristic
1448,"Power lines down at Sector 12, water rising slowly",Infrastructure,Medium,synthetic,keyword_tier_heuristic
1449,"Families at Station Road have run out of food, water rising slowly",Food,Medium,synthetic,keyword_tier_heuristic
1450,"my sister is not breathing near Central Market, please send medical help",Medical,Critical,synthetic,keyword_tier_heuristic
1451,"No food distribution has reached Koramangala yet, smoke everywhere",Food,High,synthetic,keyword_tier_heuristic
1452,"Drinking water contaminated at Palm Grove, minor leak",Water,Low,synthetic,keyword_tier_heuristic
1453,Medical emergency at Kings Cross - an elderly woman minor injury,Medical,Medium,synthetic,keyword_tier_heuristic
1454,"Need water tanker sent to East Ward, water rising slowly",Water,Medium,synthetic,keyword_tier_heuristic
1455,"Water levels injured at Sunrise Township, families are stranded",Flood/Rescue,High,synthetic,keyword_tier_heuristic
1456,"Flooding at Lakeview Apartments, my neighbor stranded, need boat rescue",Flood/Rescue,High,synthetic,keyword_tier_heuristic
1457,Just wanted to say thank you to the volunteers at East Ward,Other/Irrelevant,Low,synthetic,keyword_tier_heuristic
1458,"Building unconscious at Whitefield, smoke visible for miles",Fire,Critical,synthetic,keyword_tier_heuristic
1459,"Need an ambulance at East Ward, my whole family buried under rubble",Medical,Critical,synthetic,keyword_tier_heuristic
1460,"Communication tower near Lakeview Apartments is down, severe pain",Infrastructure,High,synthetic,keyword_tier_heuristic
1461,"We are trapped by flood water near Rosewood Lane, power has been out",Flood/Rescue,Medium,synthetic,keyword_tier_heuristic
1462,"Water supply cut off at Kings Cross, low on supplies, many households affected",Water,Medium,synthetic,keyword_tier_heuristic
1463,"Water levels smoke everywhere at Palm Grove, families are stranded",Flood/Rescue,High,synthetic,keyword_tier_heuristic
1464,Just wanted to say thank you to the volunteers at Old Town,Other/Irrelevant,Medium,synthetic,keyword_tier_heuristic
1465,"Water levels collapsed at Central Market, families are stranded same location as before",Flood/Rescue,Critical,synthetic,keyword_tier_heuristic
1466,Is there a helpline number for general questions about Marina Road?,Other/Irrelevant,Low,synthetic,keyword_tier_heuristic
1467,"Temporary shelter overcrowded at Riverside Colony, requesting information",Shelter,Low,synthetic,keyword_tier_heuristic
1468,Just wanted to say thank you to the volunteers at Harbor District,Other/Irrelevant,Low,synthetic,keyword_tier_heuristic
1469,"Water levels small crack in wall at Station Road, families are stranded",Flood/Rescue,Low,synthetic,keyword_tier_heuristic
1470,Just wanted to say thank you to the volunteers at Old Town,Other/Irrelevant,Low,synthetic,keyword_tier_heuristic
1471,"Water supply cut off at Kings Cross, trapped, many households affected",Water,Critical,synthetic,keyword_tier_heuristic
1472,"Flooding at North Bridge, my neighbor roof caving in, need boat rescue",Flood/Rescue,High,synthetic,keyword_tier_heuristic
1473,"Need food supplies delivered to Millbrook, water rising slowly",Food,Medium,synthetic,keyword_tier_heuristic
1474,"Need an ambulance at Old Town, a child collapsed",Medical,Critical,synthetic,keyword_tier_heuristic
1475,"Need an ambulance at Old Town, the shopkeeper gas leak",Medical,High,synthetic,keyword_tier_heuristic
1476,"Requesting ration kits for East Ward, minor injury",Food,Medium,synthetic,keyword_tier_heuristic
1477,"Water levels feeling unwell at Hilltop Nagar, families are stranded same location as before",Flood/Rescue,Medium,synthetic,keyword_tier_heuristic
1478,"Water supply cut off at Old Town, feeling unwell, many households affected",Water,Medium,synthetic,keyword_tier_heuristic
1479,"Sharing an update, everything seems calm near North Bridge today",Other/Irrelevant,Medium,synthetic,keyword_tier_heuristic
1480,"Sharing an update, everything seems calm near Fairview Estate today",Other/Irrelevant,Low,synthetic,keyword_tier_heuristic
1481,"Random test message, please ignore, sent from East Ward",Other/Irrelevant,Low,synthetic,keyword_tier_heuristic
1482,"Bridge near Sunrise Township is damaged, requesting information, road unsafe",Infrastructure,Low,synthetic,keyword_tier_heuristic
1483,Just wanted to say thank you to the volunteers at Whitefield,Other/Irrelevant,Low,synthetic,keyword_tier_heuristic
1484,"Kitchen fire at Millbrook, collapsed, please respond",Fire,Critical,synthetic,keyword_tier_heuristic
1485,"Homes destroyed near Fairview Estate, families need shelter, needs help soon",Shelter,Medium,synthetic,keyword_tier_heuristic
1486,"Communication tower near Harbor District is down, minor injury",Infrastructure,Medium,synthetic,keyword_tier_heuristic
1487,"Bridge near Sector 12 is damaged, power has been out, road unsafe",Infrastructure,Medium,synthetic,keyword_tier_heuristic
1488,"Requesting ration kits for Old Town, water rising slowly",Food,Medium,synthetic,keyword_tier_heuristic
1489,"Sharing an update, everything seems calm near Fairview Estate today",Other/Irrelevant,Medium,synthetic,keyword_tier_heuristic
1490,"Main road to Koramangala blocked by debris, requesting information",Infrastructure,Low,synthetic,keyword_tier_heuristic
1491,Just wanted to say thank you to the volunteers at Sector 12,Other/Irrelevant,Low,synthetic,keyword_tier_heuristic
1492,"Water levels buried under rubble at East Ward, families are stranded",Flood/Rescue,Critical,synthetic,keyword_tier_heuristic
1493,"Need food supplies delivered to Fairview Estate, power has been out",Food,Medium,synthetic,keyword_tier_heuristic
1494,Is there a helpline number for general questions about Station Road?,Other/Irrelevant,Low,synthetic,keyword_tier_heuristic
1495,"Sharing an update, everything seems calm near Fairview Estate today",Other/Irrelevant,Low,synthetic,keyword_tier_heuristic
1496,"Need food supplies delivered to Whitefield, injured",Food,High,synthetic,keyword_tier_heuristic
1497,"Bridge near Central Market is damaged, cannot move, road unsafe",Infrastructure,Critical,synthetic,keyword_tier_heuristic
1498,"Bridge near North Bridge is damaged, roof caving in, road unsafe",Infrastructure,High,synthetic,keyword_tier_heuristic
1499,"Drinking water contaminated at Koramangala, water rising slowly",Water,Medium,synthetic,keyword_tier_heuristic
1500,"Need food supplies delivered to Kings Cross, gas leak",Food,High,synthetic,keyword_tier_heuristic
1501,"Families at Rosewood Lane have run out of food, minor leak",Food,Low,synthetic,keyword_tier_heuristic
1502,"Power lines down at Old Town, water rising slowly",Infrastructure,Medium,synthetic,keyword_tier_heuristic
1503,Is there a helpline number for general questions about Riverside Colony?,Other/Irrelevant,Low,synthetic,keyword_tier_heuristic
1504,Is there a helpline number for general questions about Harbor District?,Other/Irrelevant,Medium,synthetic,keyword_tier_heuristic
1505,"Bridge near Palm Grove is damaged, small crack in wall, road unsafe",Infrastructure,Low,synthetic,keyword_tier_heuristic
1506,"River overflowing near Palm Grove, road partially blocked, send rescue team same location as before",Flood/Rescue,Medium,synthetic,keyword_tier_heuristic
1507,"Power lines down at Palm Grove, feeling unwell",Infrastructure,Medium,synthetic,keyword_tier_heuristic
1508,"Random test message, please ignore, sent from Koramangala",Other/Irrelevant,Low,synthetic,keyword_tier_heuristic
1509,"Power lines down at Palm Grove, rising water fast",Infrastructure,High,synthetic,keyword_tier_heuristic
1510,"Bridge near Marina Road is damaged, needs help soon, road unsafe",Infrastructure,Medium,synthetic,keyword_tier_heuristic
1511,"Water levels low on supplies at Lakeview Apartments, families are stranded same location as before",Flood/Rescue,Medium,synthetic,keyword_tier_heuristic
1512,"Sharing an update, everything seems calm near Fairview Estate today",Other/Irrelevant,Low,synthetic,keyword_tier_heuristic
1513,"Families at Fairview Estate have run out of food, general inquiry",Food,Low,synthetic,keyword_tier_heuristic
1514,"No food distribution has reached Sunrise Township yet, general inquiry",Food,Low,synthetic,keyword_tier_heuristic
1515,"Displaced families waiting outside Sunrise Township, child missing",Shelter,High,synthetic,keyword_tier_heuristic
1516,"Fire spreading fast near Hilltop Nagar, the shopkeeper drowning",Fire,Critical,synthetic,keyword_tier_heuristic
1517,"Requesting ration kits for Millbrook, injured",Food,High,synthetic,keyword_tier_heuristic
1518,"Fire spreading fast near Fairview Estate, an elderly woman injured",Fire,High,synthetic,keyword_tier_heuristic
1519,"Homes destroyed near Central Market, families need shelter, buried under rubble",Shelter,Critical,synthetic,keyword_tier_heuristic
1520,"Bridge near Old Town is damaged, road partially blocked, road unsafe",Infrastructure,Medium,synthetic,keyword_tier_heuristic
1521,"Temporary shelter overcrowded at North Bridge, power has been out",Shelter,Medium,synthetic,keyword_tier_heuristic
1522,"Fire reported at Old Town, bleeding heavily, need fire brigade immediately",Fire,Critical,synthetic,keyword_tier_heuristic
1523,"Requesting tents and shelter material at Harbor District, severe pain",Shelter,High,synthetic,keyword_tier_heuristic
1524,"Fire reported at Kings Cross, injured, need fire brigade immediately",Fire,High,synthetic,keyword_tier_heuristic
1525,"Displaced families waiting outside Riverside Colony, minor leak",Shelter,Low,synthetic,keyword_tier_heuristic
1526,"Families at Station Road have run out of food, cannot move",Food,Critical,synthetic,keyword_tier_heuristic
1527,Is there a helpline number for general questions about Marina Road?,Other/Irrelevant,Low,synthetic,keyword_tier_heuristic
1528,"Random test message, please ignore, sent from Sunrise Township",Other/Irrelevant,Low,synthetic,keyword_tier_heuristic
1529,"Building severe pain at Kings Cross, smoke visible for miles",Fire,High,synthetic,keyword_tier_heuristic
1530,"Need an ambulance at Lakeview Apartments, an unknown man needs help soon",Medical,Medium,synthetic,keyword_tier_heuristic
1531,"Homes destroyed near Lakeview Apartments, families need shelter, not breathing",Shelter,Critical,synthetic,keyword_tier_heuristic
1532,"Fire reported at Marina Road, cannot move, need fire brigade immediately",Fire,Critical,synthetic,keyword_tier_heuristic
1533,"Main road to Hilltop Nagar blocked by debris, minor injury",Infrastructure,Medium,synthetic,keyword_tier_heuristic
1534,"Families at Palm Grove have run out of food, water rising slowly",Food,Medium,synthetic,keyword_tier_heuristic
1535,"No clean water available at Central Market for two days, gas leak",Water,High,synthetic,keyword_tier_heuristic
1536,"Random test message, please ignore, sent from Central Market",Other/Irrelevant,Low,synthetic,keyword_tier_heuristic
1537,"Need water tanker sent to Marina Road, buried under rubble",Water,Critical,synthetic,keyword_tier_heuristic
1538,"Temporary shelter overcrowded at North Bridge, road partially blocked",Shelter,Medium,synthetic,keyword_tier_heuristic
1539,"River overflowing near Palm Grove, collapsed, send rescue team",Flood/Rescue,Critical,synthetic,keyword_tier_heuristic
1540,"Flooding at Sunrise Township, the shopkeeper cannot move, need boat rescue",Flood/Rescue,Critical,synthetic,keyword_tier_heuristic
1541,"Requesting ration kits for Whitefield, child missing",Food,High,synthetic,keyword_tier_heuristic
1542,"No clean water available at Marina Road for two days, low on supplies",Water,Medium,synthetic,keyword_tier_heuristic
1543,"Flooding at Sector 12, my whole family child missing, need boat rescue",Flood/Rescue,High,synthetic,keyword_tier_heuristic
1544,"No food distribution has reached Harbor District yet, roof caving in",Food,High,synthetic,keyword_tier_heuristic
1545,"Random test message, please ignore, sent from Millbrook",Other/Irrelevant,High,synthetic,keyword_tier_heuristic
1546,"Power lines down at East Ward, feeling unwell",Infrastructure,Medium,synthetic,keyword_tier_heuristic
1547,"Displaced families waiting outside Lakeview Apartments, non-urgent request",Shelter,Low,synthetic,keyword_tier_heuristic
1548,"Requesting ration kits for Old Town, road partially blocked",Food,Medium,synthetic,keyword_tier_heuristic
1549,Is there a helpline number for general questions about Central Market?,Other/Irrelevant,High,synthetic,keyword_tier_heuristic
1550,"Requesting ration kits for Fairview Estate, when will help arrive",Food,Low,synthetic,keyword_tier_heuristic
1551,"No clean water available at Sector 12 for two days, low on supplies",Water,Medium,synthetic,keyword_tier_heuristic
1552,"Need food supplies delivered to Riverside Colony, elderly stuck",Food,High,synthetic,keyword_tier_heuristic
1553,"Families at Old Town have run out of food, when will help arrive",Food,Low,synthetic,keyword_tier_heuristic
1554,"Need an ambulance at Fairview Estate, my whole family collapsed",Medical,Critical,synthetic,keyword_tier_heuristic
1555,"No clean water available at Hilltop Nagar for two days, not breathing",Water,Critical,synthetic,keyword_tier_heuristic
1556,"Fire reported at Fairview Estate, child missing, need fire brigade immediately",Fire,High,synthetic,keyword_tier_heuristic
1557,"Building low on supplies at Sector 12, smoke visible for miles",Fire,Medium,synthetic,keyword_tier_heuristic
1558,"Homes destroyed near North Bridge, families need shelter, minor injury",Shelter,Medium,synthetic,keyword_tier_heuristic
1559,"Temporary shelter overcrowded at Lakeview Apartments, feeling unwell",Shelter,Medium,synthetic,keyword_tier_heuristic
1560,"Water supply cut off at Fairview Estate, power has been out, many households affected",Water,Medium,synthetic,keyword_tier_heuristic
1561,"No food distribution has reached Central Market yet, minor injury",Food,Medium,synthetic,keyword_tier_heuristic
1562,"River overflowing near Green Valley, roof caving in, send rescue team",Flood/Rescue,High,synthetic,keyword_tier_heuristic
1563,"Someone collapsed at Millbrook, severe pain, need doctor urgently",Medical,High,synthetic,keyword_tier_heuristic
1564,"Homes destroyed near Sunrise Township, families need shelter, minor leak",Shelter,Low,synthetic,keyword_tier_heuristic
1565,"Someone collapsed at Lakeview Apartments, on fire, need doctor urgently",Medical,Critical,synthetic,keyword_tier_heuristic
1566,"Homes destroyed near Central Market, families need shelter, on fire",Shelter,Critical,synthetic,keyword_tier_heuristic
1567,"We are trapped by flood water near Fairview Estate, rising water fast",Flood/Rescue,High,synthetic,keyword_tier_heuristic
1568,"Sharing an update, everything seems calm near Station Road today",Other/Irrelevant,High,synthetic,keyword_tier_heuristic
1569,"Flooding at Millbrook, the shopkeeper power has been out, need boat rescue",Flood/Rescue,Medium,synthetic,keyword_tier_heuristic
1570,"River overflowing near Old Town, collapsed, send rescue team",Flood/Rescue,Critical,synthetic,keyword_tier_heuristic
1571,"Fire reported at Old Town, roof caving in, need fire brigade immediately",Fire,High,synthetic,keyword_tier_heuristic
1572,"River overflowing near Riverside Colony, cannot move, send rescue team",Flood/Rescue,Critical,synthetic,keyword_tier_heuristic
1573,"Building needs help soon at Central Market, smoke visible for miles",Fire,Medium,synthetic,keyword_tier_heuristic
1574,"Sharing an update, everything seems calm near Fairview Estate today",Other/Irrelevant,Low,synthetic,keyword_tier_heuristic
1575,"Homes destroyed near Central Market, families need shelter, road partially blocked",Shelter,Medium,synthetic,keyword_tier_heuristic
1576,"Displaced families waiting outside East Ward, injured",Shelter,High,synthetic,keyword_tier_heuristic
1577,"Sharing an update, everything seems calm near Marina Road today",Other/Irrelevant,Medium,synthetic,keyword_tier_heuristic
1578,"No food distribution has reached Green Valley yet, road partially blocked",Food,Medium,synthetic,keyword_tier_heuristic
1579,"Homes destroyed near Old Town, families need shelter, elderly stuck",Shelter,High,synthetic,keyword_tier_heuristic
1580,"Main road to Hilltop Nagar blocked by debris, injured",Infrastructure,High,synthetic,keyword_tier_heuristic
1581,"Fire reported at Harbor District, trapped, need fire brigade immediately",Fire,Critical,synthetic,keyword_tier_heuristic
1582,"Someone collapsed at Riverside Colony, bleeding heavily, need doctor urgently",Medical,Critical,synthetic,keyword_tier_heuristic
1583,Medical emergency at Rosewood Lane - a group of people injured,Medical,High,synthetic,keyword_tier_heuristic
1584,"Displaced families waiting outside Marina Road, minor injury",Shelter,Medium,synthetic,keyword_tier_heuristic
1585,"Requesting tents and shelter material at Harbor District, gas leak",Shelter,High,synthetic,keyword_tier_heuristic
1586,"Kitchen fire at Green Valley, road partially blocked, please respond",Fire,Medium,synthetic,keyword_tier_heuristic
1587,"Water levels just checking in at Harbor District, families are stranded",Flood/Rescue,Low,synthetic,keyword_tier_heuristic
1588,"Someone collapsed at Hilltop Nagar, collapsed, need doctor urgently",Medical,Critical,synthetic,keyword_tier_heuristic
1589,"Requesting ration kits for Old Town, collapsed",Food,Critical,synthetic,keyword_tier_heuristic
1590,"River overflowing near East Ward, stranded, send rescue team",Flood/Rescue,High,synthetic,keyword_tier_heuristic
1591,"Requesting ration kits for Rosewood Lane, injured",Food,High,synthetic,keyword_tier_heuristic
1592,"Homes destroyed near Rosewood Lane, families need shelter, water rising slowly",Shelter,Medium,synthetic,keyword_tier_heuristic
1593,"Drinking water contaminated at Fairview Estate, rising water fast",Water,High,synthetic,keyword_tier_heuristic
1594,"Water levels injured at Sunrise Township, families are stranded",Flood/Rescue,High,synthetic,keyword_tier_heuristic
1595,"Families at Sunrise Township have run out of food, minor leak",Food,Low,synthetic,keyword_tier_heuristic
1596,"We are trapped by flood water near Central Market, rising water fast",Flood/Rescue,High,synthetic,keyword_tier_heuristic
1597,"Displaced families waiting outside Hilltop Nagar, elderly stuck",Shelter,High,synthetic,keyword_tier_heuristic
1598,"Communication tower near Marina Road is down, minor leak",Infrastructure,Low,synthetic,keyword_tier_heuristic
1599,"Sharing an update, everything seems calm near Old Town today",Other/Irrelevant,Low,synthetic,keyword_tier_heuristic
1600,"Fire reported at Sunrise Township, roof caving in, need fire brigade immediately",Fire,High,synthetic,keyword_tier_heuristic
1601,"Bridge near Marina Road is damaged, gas leak, road unsafe same location as before",Infrastructure,High,synthetic,keyword_tier_heuristic
1602,"Need water tanker sent to Lakeview Apartments, minor leak",Water,Low,synthetic,keyword_tier_heuristic
1603,"Water levels stranded at Harbor District, families are stranded",Flood/Rescue,High,synthetic,keyword_tier_heuristic
1604,"No clean water available at Marina Road for two days, water rising slowly",Water,Medium,synthetic,keyword_tier_heuristic
1605,"Water levels gas leak at Riverside Colony, families are stranded",Flood/Rescue,High,synthetic,keyword_tier_heuristic
1606,Medical emergency at Kings Cross - my whole family low on supplies,Medical,Medium,synthetic,keyword_tier_heuristic
1607,"Sharing an update, everything seems calm near Green Valley today",Other/Irrelevant,Low,synthetic,keyword_tier_heuristic
1608,"Need food supplies delivered to Old Town, when will help arrive",Food,Low,synthetic,keyword_tier_heuristic
1609,"Fire spreading fast near Palm Grove, my neighbor road partially blocked",Fire,Medium,synthetic,keyword_tier_heuristic
1610,"Requesting ration kits for Green Valley, general inquiry",Food,Low,synthetic,keyword_tier_heuristic
1611,"Sharing an update, everything seems calm near Koramangala today",Other/Irrelevant,Low,synthetic,keyword_tier_heuristic
1612,"Displaced families waiting outside Fairview Estate, when will help arrive",Shelter,Low,synthetic,keyword_tier_heuristic
1613,"Fire spreading fast near Fairview Estate, my neighbor collapsed",Fire,Critical,synthetic,keyword_tier_heuristic
1614,Is there a helpline number for general questions about Sector 12?,Other/Irrelevant,Low,synthetic,keyword_tier_heuristic
1615,"Homes destroyed near North Bridge, families need shelter, low on supplies",Shelter,Medium,synthetic,keyword_tier_heuristic
1616,"Homes destroyed near Old Town, families need shelter, smoke everywhere",Shelter,High,synthetic,keyword_tier_heuristic
1617,Just wanted to say thank you to the volunteers at Kings Cross,Other/Irrelevant,Low,synthetic,keyword_tier_heuristic
1618,"Sharing an update, everything seems calm near North Bridge today",Other/Irrelevant,Low,synthetic,keyword_tier_heuristic
1619,"Homes destroyed near Sunrise Township, families need shelter, needs help soon",Shelter,Medium,synthetic,keyword_tier_heuristic
1620,"We are trapped by flood water near Palm Grove, gas leak",Flood/Rescue,High,synthetic,keyword_tier_heuristic
1621,"Need an ambulance at Palm Grove, an elderly woman injured",Medical,High,synthetic,keyword_tier_heuristic
1622,"No food distribution has reached Kings Cross yet, on fire",Food,Critical,synthetic,keyword_tier_heuristic
1623,"Fire reported at Koramangala, unconscious, need fire brigade immediately",Fire,Critical,synthetic,keyword_tier_heuristic
1624,Is there a helpline number for general questions about Marina Road?,Other/Irrelevant,High,synthetic,keyword_tier_heuristic
1625,Is there a helpline number for general questions about Rosewood Lane?,Other/Irrelevant,Low,synthetic,keyword_tier_heuristic
1626,"Families at Marina Road have run out of food, needs help soon same location as before",Food,Medium,synthetic,keyword_tier_heuristic
1627,"Bridge near Fairview Estate is damaged, smoke everywhere, road unsafe",Infrastructure,High,synthetic,keyword_tier_heuristic
1628,"Someone collapsed at Central Market, non-urgent request, need doctor urgently",Medical,Low,synthetic,keyword_tier_heuristic
1629,"Communication tower near Station Road is down, low on supplies",Infrastructure,Medium,synthetic,keyword_tier_heuristic
1630,"No clean water available at Fairview Estate for two days, feeling unwell",Water,Medium,synthetic,keyword_tier_heuristic
1631,"Kitchen fire at Hilltop Nagar, unconscious, please respond",Fire,Critical,synthetic,keyword_tier_heuristic
1632,"Bridge near Green Valley is damaged, road partially blocked, road unsafe",Infrastructure,Medium,synthetic,keyword_tier_heuristic
1633,"Requesting ration kits for Koramangala, non-urgent request",Food,Low,synthetic,keyword_tier_heuristic
1634,"Flooding at Lakeview Apartments, my father child missing, need boat rescue",Flood/Rescue,High,synthetic,keyword_tier_heuristic
1635,"the shopkeeper is drowning near Sector 12, please send medical help",Medical,Critical,synthetic,keyword_tier_heuristic
1636,"River overflowing near Central Market, bleeding heavily, send rescue team",Flood/Rescue,Critical,synthetic,keyword_tier_heuristic
1637,"Requesting ration kits for Lakeview Apartments, rising water fast",Food,High,synthetic,keyword_tier_heuristic
1638,"We are trapped by flood water near Sector 12, gas leak",Flood/Rescue,High,synthetic,keyword_tier_heuristic
1639,"Main road to Fairview Estate blocked by debris, water rising slowly",Infrastructure,Medium,synthetic,keyword_tier_heuristic
1640,"Someone collapsed at Central Market, elderly stuck, need doctor urgently",Medical,High,synthetic,keyword_tier_heuristic
1641,"No clean water available at Station Road for two days, trapped",Water,Critical,synthetic,keyword_tier_heuristic
1642,"Need an ambulance at Sector 12, my sister elderly stuck",Medical,High,synthetic,keyword_tier_heuristic
1643,"No food distribution has reached East Ward yet, rising water fast",Food,High,synthetic,keyword_tier_heuristic
1644,"Random test message, please ignore, sent from Lakeview Apartments",Other/Irrelevant,Low,synthetic,keyword_tier_heuristic
1645,"Homes destroyed near Fairview Estate, families need shelter, non-urgent request",Shelter,Low,synthetic,keyword_tier_heuristic
1646,Is there a helpline number for general questions about North Bridge?,Other/Irrelevant,Low,synthetic,keyword_tier_heuristic
1647,"No clean water available at Riverside Colony for two days, feeling unwell",Water,Medium,synthetic,keyword_tier_heuristic
1648,"Power lines down at East Ward, elderly stuck",Infrastructure,High,synthetic,keyword_tier_heuristic
1649,"Sharing an update, everything seems calm near Sunrise Township today",Other/Irrelevant,Medium,synthetic,keyword_tier_heuristic
1650,"Building water rising slowly at Old Town, smoke visible for miles",Fire,Medium,synthetic,keyword_tier_heuristic
1651,"No clean water available at Fairview Estate for two days, elderly stuck same location as before",Water,High,synthetic,keyword_tier_heuristic
1652,"Need food supplies delivered to Lakeview Apartments, road partially blocked",Food,Medium,synthetic,keyword_tier_heuristic
1653,"Drinking water contaminated at Old Town, low on supplies",Water,Medium,synthetic,keyword_tier_heuristic
1654,Medical emergency at Harbor District - my neighbor injured,Medical,High,synthetic,keyword_tier_heuristic
1655,"Water supply cut off at Palm Grove, low on supplies, many households affected",Water,Medium,synthetic,keyword_tier_heuristic
1656,"Families at Whitefield have run out of food, roof caving in",Food,High,synthetic,keyword_tier_heuristic
1657,Is there a helpline number for general questions about Whitefield?,Other/Irrelevant,Low,synthetic,keyword_tier_heuristic
1658,"Kitchen fire at Central Market, bleeding heavily, please respond",Fire,Critical,synthetic,keyword_tier_heuristic
1659,"Temporary shelter overcrowded at Hilltop Nagar, low on supplies",Shelter,Medium,synthetic,keyword_tier_heuristic
1660,"Fire reported at Fairview Estate, roof caving in, need fire brigade immediately",Fire,High,synthetic,keyword_tier_heuristic
1661,Is there a helpline number for general questions about Station Road?,Other/Irrelevant,Low,synthetic,keyword_tier_heuristic
1662,"Need water tanker sent to Koramangala, just checking in",Water,Low,synthetic,keyword_tier_heuristic
1663,"Families at Green Valley have run out of food, minor leak",Food,Low,synthetic,keyword_tier_heuristic
1664,"Flooding at Marina Road, a child needs help soon, need boat rescue",Flood/Rescue,Medium,synthetic,keyword_tier_heuristic
1665,"Need an ambulance at North Bridge, an unknown man minor injury",Medical,Medium,synthetic,keyword_tier_heuristic
1666,"Main road to Station Road blocked by debris, on fire",Infrastructure,Critical,synthetic,keyword_tier_heuristic
1667,"Kitchen fire at Whitefield, when will help arrive, please respond",Fire,Low,synthetic,keyword_tier_heuristic
1668,"Temporary shelter overcrowded at Lakeview Apartments, buried under rubble",Shelter,Critical,synthetic,keyword_tier_heuristic
1669,"Water levels low on supplies at Sector 12, families are stranded",Flood/Rescue,Medium,synthetic,keyword_tier_heuristic
1670,"Water supply cut off at Old Town, minor leak, many households affected",Water,Low,synthetic,keyword_tier_heuristic
1671,"Bridge near Millbrook is damaged, severe pain, road unsafe",Infrastructure,High,synthetic,keyword_tier_heuristic
1672,"River overflowing near Harbor District, cannot move, send rescue team",Flood/Rescue,Critical,synthetic,keyword_tier_heuristic
1673,"Need water tanker sent to Koramangala, cardiac arrest",Water,Critical,synthetic,keyword_tier_heuristic
1674,"Random test message, please ignore, sent from East Ward",Other/Irrelevant,High,synthetic,keyword_tier_heuristic
1675,"Random test message, please ignore, sent from Rosewood Lane",Other/Irrelevant,Medium,synthetic,keyword_tier_heuristic
1676,"River overflowing near Hilltop Nagar, road partially blocked, send rescue team",Flood/Rescue,Medium,synthetic,keyword_tier_heuristic
1677,"Requesting ration kits for Fairview Estate, bleeding heavily",Food,Critical,synthetic,keyword_tier_heuristic
1678,"Main road to Old Town blocked by debris, roof caving in",Infrastructure,High,synthetic,keyword_tier_heuristic
1679,"the shopkeeper is water rising slowly near East Ward, please send medical help",Medical,Medium,synthetic,keyword_tier_heuristic
1680,"No clean water available at Fairview Estate for two days, power has been out",Water,Medium,synthetic,keyword_tier_heuristic
1681,"Homes destroyed near Sector 12, families need shelter, road partially blocked",Shelter,Medium,synthetic,keyword_tier_heuristic
1682,"Bridge near Sunrise Township is damaged, general inquiry, road unsafe",Infrastructure,Low,synthetic,keyword_tier_heuristic
1683,"a child is drowning near Rosewood Lane, please send medical help",Medical,Critical,synthetic,keyword_tier_heuristic
1684,"Random test message, please ignore, sent from Fairview Estate",Other/Irrelevant,Medium,synthetic,keyword_tier_heuristic
1685,"Water levels gas leak at Station Road, families are stranded",Flood/Rescue,High,synthetic,keyword_tier_heuristic
1686,"Power lines down at Station Road, roof caving in",Infrastructure,High,synthetic,keyword_tier_heuristic
1687,"Building low on supplies at East Ward, smoke visible for miles",Fire,Medium,synthetic,keyword_tier_heuristic
1688,"my whole family is gas leak near North Bridge, please send medical help",Medical,High,synthetic,keyword_tier_heuristic
1689,"River overflowing near Millbrook, child missing, send rescue team same location as before",Flood/Rescue,High,synthetic,keyword_tier_heuristic
1690,"Homes destroyed near Riverside Colony, families need shelter, feeling unwell",Shelter,Medium,synthetic,keyword_tier_heuristic
1691,"Homes destroyed near Kings Cross, families need shelter, needs help soon",Shelter,Medium,synthetic,keyword_tier_heuristic
1692,"Requesting tents and shelter material at East Ward, feeling unwell",Shelter,Medium,synthetic,keyword_tier_heuristic
1693,"Communication tower near Riverside Colony is down, water rising slowly",Infrastructure,Medium,synthetic,keyword_tier_heuristic
1694,"No clean water available at Koramangala for two days, child missing",Water,High,synthetic,keyword_tier_heuristic
1695,"Random test message, please ignore, sent from Old Town",Other/Irrelevant,High,synthetic,keyword_tier_heuristic
1696,"Temporary shelter overcrowded at Sector 12, minor injury",Shelter,Medium,synthetic,keyword_tier_heuristic
